original_tag|Updated_tag|description|data
B13[0].0|STN_GRIPPER_W_NOT_OPEN|STATION - GRIPPER W NOT OPEN|1
B13[0].1|STN_GRIPPER_X_NOT_OPEN|STATION - GRIPPER X NOT OPEN|1
B13[0].8|STN_SERVO_DRIVES_RESET_TGGL|STATION - SERVO DRIVES RESET TGGL|0
B13[3].0|AUTO_BEGIN_CYCLE|AUTO - BEGIN CYCLE|0
B13[3].1|UPDATE_CUR_PLY_COUNT|AUTO - UPDATE CURRENT PLY COUNT|0
B13[3].2|UPDATE_CUR_PLY_TYPE_AND_LENGTH|AUTO - UPDATE CURRENT PLY TYPE & LENGTH|0
B13[3].3|MOVE_PRINT_AND_TABLE_TO_CUR_SIDE|AUTO - MOVE PRINT & TABLE TO CURRENT SIDE|0
B13[3].4|MOVE_GRIPPER_LENGTH|AUTO - MOVE GRIPPER LENGTH|0
B13[3].5|AUTO_MOVING_GRIPPER_LENGTH|AUTO - MOVING GRIPPER LENGTH|0
B13[3].6|AUTO_INDEX_PRINT_AXIS|AUTO - INDEX PRINT AXIS|0
B13[3].7|AUTO_INDEXING_PRINT_AXIS_B13_3_7|AUTO - INDEXING PRINT AXIS|0
B13[3].8|AUTO_PRINT_AXIS_INDEXED|AUTO - PRINT AXIS INDEXED|0
B13[3].9|AUTO_INDEXING_PRINT_AXIS_B13_3_9|AUTO - INDEXING PRINT AXIS|0
B13[3].10|MOVE_CUR_SIDE_AXIS_TO_PICK_AND_MAT_CLR|AUTO - MOVE CURRENT SIDE AXIS TO PICK & MATERIAL CLEAR|0
B13[3].11|AUTO_MOVING_CUR_SIDE_AXIS_TO_PICK|AUTO - MOVING CURRENT SIDE AXIS TO PICK|0
B13[3].12|AUTO_MOVING_CUR_MAT_CLR_B13_3_12|AUTO - MOVING CURRENT MATERIAL CLEAR|0
B13[3].13|AUTO_OPEN_CUR_SIDE_GRIPPER_B13_3_13|AUTO - OPEN CURRENT SIDE GRIPPER|0
B13[3].14|MOVE_CUR_MAT_TO_GRIP|AUTO - MOVE CURRENT MATERIAL TO GRIP|0
B13[3].15|AUTO_MOVING_CUR_MAT_TO_GRIP|AUTO - MOVING CURRENT MATERIAL TO GRIP|0
B13[4].0|AUTO_CLOSE_CUR_SIDE_GRIPPER_B13_4_0|AUTO - CLOSE CURRENT SIDE GRIPPER|0
B13[4].1|MOVE_CUR_MAT_TO_CUT|AUTO - MOVE CURRENT MATERIAL TO CUT|0
B13[4].2|AUTO_MOVING_CUR_MAT_TO_CUT|AUTO - MOVING CURRENT MATERIAL TO CUT|0
B13[4].3|AUTO_MOVING_CUR_SIDE_AXIS_TO_CUT|AUTO - MOVING CURRENT SIDE AXIS TO CUT|0
B13[4].4|AUTO_TURN_ON_SHEAR|AUTO - TURN ON SHEAR|0
B13[4].5|AUTO_TURN_OFF_SHEAR|AUTO - TURN OFF SHEAR|0
B13[4].6|MOVE_CUR_SIDE_TO_PLACE_AND_MAT_CLR|AUTO - MOVE CURRENT SIDE TO PLACE & MATERIAL CLEAR|0
B13[4].7|AUTO_MOVING_CUR_SIDE_AXIS_TO_PLACE|AUTO - MOVING CURRENT SIDE AXIS TO PLACE|0
B13[4].8|AUTO_MOVING_CUR_MAT_CLR_B13_4_8|AUTO - MOVING CURRENT MATERIAL CLEAR|0
B13[4].9|AUTO_OPEN_CUR_SIDE_GRIPPER_B13_4_9|AUTO - OPEN CURRENT SIDE GRIPPER|0
B13[4].10|AUTO_CLOSE_CUR_SIDE_GRIPPER_B13_4_10|AUTO - CLOSE CURRENT SIDE GRIPPER|0
B13[4].11|MOVE_CUR_MAT_AND_SIDE_BACK|AUTO - MOVE CURRENT MATERIAL & SIDE BACK|0
B13[4].12|AUTO_MOVING_CUR_MAT_BACK|AUTO - MOVING CURRENT MATERIAL BACK|0
B13[4].13|AUTO_MOVING_CUR_SIDE_AXIS_BACK|AUTO - MOVING CURRENT SIDE AXIS BACK|0
B13[4].14|AUTO_CHECK_IF_DONE|AUTO - CHECK IF DONE|0
B13[4].15|AUTO_CHARGE_NOT_DONE|AUTO - CHARGE NOT DONE|0
B13[5].0|AUTO_CHARGE_DONE|AUTO - CHARGE DONE|0
B13[5].1|MOVE_TABLE_TO_X|AUTO - MOVE TABLE TO X|0
B13[5].8|MOVE_CUR_SIDE_AXIS_TO_CUT|AUTO - MOVE CURRENT SIDE AXIS TO CUT|0
B13[5].15|AUTO_CYCLE_COMPLETE|AUTO - CYCLE COMPLETE|0
B13[8]|STN_FAULTS_B13_8|STATION FAULTS|
B13[8].0|STN_MAT_W_MOTION_FLT|STATION - MATERIAL W MOTION FLT|0
B13[8].1|STN_MAT_X_MOTION_FLT|STATION - MATERIAL X MOTION FLT|0
B13[8].2|STN_SIDE_W_AXIS_MOTION_FLT|STATION - SIDE W AXIS MOTION FLT|0
B13[8].3|STN_SIDE_X_AXIS_MOTION_FLT|STATION - SIDE X AXIS MOTION FLT|0
B13[8].4|STN_PRINT_AXIS_MOTION_FLT|STATION - PRINT AXIS MOTION FLT|0
B13[8].5|STN_PRINT_SIDE_NOT_AT_W_FLT|STATION - PRINT SIDE NOT @ W FLT|0
B13[8].6|STN_PRINT_SIDE_NOT_AT_X_FLT|STATION - PRINT SIDE NOT @ X FLT|0
B13[8].7|STN_TABLE_SIDE_NOT_AT_W_FLT|STATION - TABLE SIDE NOT @ W FLT|0
B13[8].8|STN_TABLE_SIDE_NOT_AT_X_FLT|STATION - TABLE SIDE NOT @ X FLT|0
B13[8].9|STN_GRIPPER_W_NOT_OPENED_AT_PICK_FLT|STATION - GRIPPER W NOT OPENED @ PICK FLT|0
B13[8].10|STN_GRIPPER_W_NOT_OPENED_AT_PLACE_FLT|STATION - GRIPPER W NOT OPENED @ PLACE FLT|0
B13[8].11|STN_GRIPPER_X_NOT_OPENED_AT_PICK_FLT|STATION - GRIPPER X NOT OPENED @ PICK FLT|0
B13[8].12|STN_GRIPPER_X_NOT_OPENED_AT_PLACE_FLT|STATION - GRIPPER X NOT OPENED @ PLACE FLT|0
B13[8].14|STN_SIDE_W_AXIS_NOT_AT_PLACE_FLT|STATION - SIDE W AXIS NOT @ PLACE FLT|0
B13[9]|STN_FAULTS_B13_9|STATION FAULTS|
B13[9].0|STN_SIDE_X_AXIS_NOT_AT_PLACE_FLT|STATION - SIDE X AXIS NOT @ PLACE FLT|0
B13[10]|PLYS_NOT_DONE_BITS_B13_10|PLYS NOT DONE BITS|
B13[10].0|AUTO_PLYS_NOT_DONE_0|AUTO - PLYS NOT DONE|0
B13[10].1|AUTO_PLYS_NOT_DONE_1|AUTO - PLYS NOT DONE|0
B13[10].2|AUTO_PLYS_NOT_DONE_2|AUTO - PLYS NOT DONE|0
B13[10].3|AUTO_PLYS_NOT_DONE_3|AUTO - PLYS NOT DONE|0
B13[10].4|AUTO_PLYS_NOT_DONE_4|AUTO - PLYS NOT DONE|0
B13[10].5|AUTO_PLYS_NOT_DONE_5|AUTO - PLYS NOT DONE|0
B13[10].6|AUTO_PLYS_NOT_DONE_6|AUTO - PLYS NOT DONE|0
B13[10].7|AUTO_PLYS_NOT_DONE_7|AUTO - PLYS NOT DONE|0
B13[10].8|AUTO_PLYS_NOT_DONE_8|AUTO - PLYS NOT DONE|0
B13[10].9|AUTO_PLYS_NOT_DONE_9|AUTO - PLYS NOT DONE|0
B13[10].10|AUTO_PLYS_NOT_DONE_10|AUTO - PLYS NOT DONE|0
B13[10].11|AUTO_PLYS_NOT_DONE_11|AUTO - PLYS NOT DONE|0
B13[10].12|AUTO_PLYS_NOT_DONE_12|AUTO - PLYS NOT DONE|0
B13[10].13|AUTO_PLYS_NOT_DONE_13|AUTO - PLYS NOT DONE|0
B13[10].14|AUTO_PLYS_NOT_DONE_14|AUTO - PLYS NOT DONE|0
B13[10].15|AUTO_PLYS_NOT_DONE_15|AUTO - PLYS NOT DONE|0
B13[11]|PLYS_NOT_DONE_BITS_B13_11|PLYS NOT DONE BITS|
B13[11].0|AUTO_PLYS_NOT_DONE_16|AUTO - PLYS NOT DONE|0
B13[11].1|AUTO_PLYS_NOT_DONE_17|AUTO - PLYS NOT DONE|0
B13[11].2|AUTO_PLYS_NOT_DONE_18|AUTO - PLYS NOT DONE|0
B13[12]|PLYS_DONE_BITS_B13_12|PLYS DONE BITS|
B13[12].0|AUTO_PLYS_DONE_0|AUTO - PLYS DONE|0
B13[12].1|AUTO_PLYS_DONE_1|AUTO - PLYS DONE|0
B13[12].2|AUTO_PLYS_DONE_2|AUTO - PLYS DONE|0
B13[12].3|AUTO_PLYS_DONE_3|AUTO - PLYS DONE|0
B13[12].4|AUTO_PLYS_DONE_4|AUTO - PLYS DONE|0
B13[12].5|AUTO_PLYS_DONE_5|AUTO - PLYS DONE|0
B13[12].6|AUTO_PLYS_DONE_6|AUTO - PLYS DONE|0
B13[12].7|AUTO_PLYS_DONE_7|AUTO - PLYS DONE|0
B13[12].8|AUTO_PLYS_DONE_8|AUTO - PLYS DONE|0
B13[12].9|AUTO_PLYS_DONE_9|AUTO - PLYS DONE|0
B13[12].10|AUTO_PLYS_DONE_10|AUTO - PLYS DONE|0
B13[12].11|AUTO_PLYS_DONE_11|AUTO - PLYS DONE|0
B13[12].12|AUTO_PLYS_DONE_12|AUTO - PLYS DONE|0
B13[12].13|AUTO_PLYS_DONE_13|AUTO - PLYS DONE|0
B13[12].14|AUTO_PLYS_DONE_14|AUTO - PLYS DONE|0
B13[12].15|AUTO_PLYS_DONE_15|AUTO - PLYS DONE|0
B13[13]|PLYS_DONE_BITS_B13_13|PLYS DONE BITS|
B13[13].0|AUTO_PLYS_DONE_16|AUTO - PLYS DONE|0
B13[13].1|AUTO_PLYS_DONE_17|AUTO - PLYS DONE|0
B13[13].2|AUTO_PLYS_DONE_18|AUTO - PLYS DONE|0
B13[13].3|AUTO_PLYS_DONE_19|AUTO - PLYS DONE|0
B3[0].0|always_off|always off|0
B3[0].1|always_on|always on|1
B3[0].2|TEMP_REMOVAL_I0_0_PRINT_AXIS_ALARM|TEMP REMOVAL I0/0 PRINT AXIS ALARM|0
B3[0].3|KARENS_DEBUG|KARENS DEBUG|0
B3[0].12|AUTO_CLOSE_CUR_GRIPPER_TD_OS|AUTO - CLOSE CURRENT GRIPPER TD OS|0
B3[0].13|UPDATE_CUR_PLY_COUNT_OS_B3_0_13|AUTO - UPDATE CURRENT PLY COUNT OS|0
B3[0].14|UPDATE_CUR_PLY_COUNT_OS_B3_0_14|AUTO - UPDATE CURRENT PLY COUNT OS|0
B3[0].15|UPDATE_CUR_PLY_COUNT_OS_B3_0_15|AUTO - UPDATE CURRENT PLY COUNT OS|0
B3[1].0|SYS_START_PB_OS|SYSTEM - START PB OS|0
B3[1].1|AUTO_CHARGE_COMPLETE_OS|AUTO - CHARGE COMPLETE OS|0
B3[1].2|SYS_FAULT_RESET_BTTN_OS|SYSTEM - FAULT RESET BTTN OS|0
B3[1].3|SYS_DRY_RUN_BTTN_OS|SYSTEM - DRY RUN BTTN OS|0
B3[1].4|SYS_MAN_SELECTED_OS|SYSTEM - MANUAL SELECTED OS|1
B3[1].5|UPDATE_CUR_PLY_TYPE_AND_LEN_OS_B3_1_5|AUTO - UPDATE CURRENT PLY TYPE & LENGTH OS|0
B3[1].6|MOVE_PRINT_AND_TABLE_TO_CUR_SIDE_OS|AUTO - MOVE PRINT & TABLE TO CURRENT SIDE OS|0
B3[1].7|MOVE_GRIPPER_LENGTH_OS|AUTO - MOVE GRIPPER LENGTH OS|0
B3[1].8|SYS_PINCH_ROLL_W_OS|SYSTEM - PINCH ROLL W OS|0
B3[1].9|SYS_PINCH_ROLL_X_OS|SYSTEM - PINCH ROLL X OS|0
B3[1].10|SYS_SHEAR_ON_OS|SYSTEM - SHEAR ON OS|0
B3[1].11|MOVE_CUR_MAT_AND_SIDE_TO_CUT_TD_OS|AUTO - MOVE CURRENT MATERIAL & SIDE TO CUT TD OS|0
B3[1].12|AUTO_OPEN_CUR_SIDE_GRIPPER_OS|AUTO - OPEN CURRENT SIDE GRIPPER OS|0
B3[1].13|UPDATE_CUR_PLY_TYPE_AND_LEN_OS_B3_1_13|AUTO - UPDATE CURRENT PLY TYPE & LENGTH OS|0
B3[1].14|SYS_FAULT_PRESENT_OS|SYSTEM - FAULT PRESENT OS|0
B3[1].15|SYS_BEGIN_AUTO_CYCLE_OS|SYSTEM - BEGIN AUTO CYCLE OS|0
B3[2].0|SYS_START_PB_PLS|SYSTEM - START PB PLS|0
B3[2].2|SYS_FAULT_RESET_BTTN_PLS|SYSTEM - FAULT RESET BTTN PLS|0
B3[2].3|SYS_DRY_RUN_BTTN_PLS|SYSTEM - DRY RUN BTTN PLS|0
B3[2].8|SYS_PINCH_ROLL_W_PLS|SYSTEM - PINCH ROLL W PLS|0
B3[2].9|SYS_PINCH_ROLL_X_PLS|SYSTEM - PINCH ROLL X PLS|0
B3[2].15|SYS_1_SEC_PLS|SYSTEM - 1 SEC PLS|0
B3[3].0|SYS_FAULT_PRESENT|SYSTEM - FAULT PRESENT|0
B3[3].1|SYS_STN_FAULT_PRESENT_B3_3_1|SYSTEM - STATION FAULT PRESENT|0
B3[3].3|SYS_AUTO_SELECTED|SYSTEM - AUTO SELECTED|1
B3[3].4|SYS_AUTO_ENABLED|SYSTEM - AUTO ENABLED|1
B3[3].5|SYS_MACHINE_INITD|SYSTEM - MACHINE INITIALIZED|1
B3[3].7|SYS_MACHINE_STARTED|SYSTEM - MACHINE STARTED|0
B3[3].8|SYS_MACHINE_STOPPED|SYSTEM - MACHINE STOPPED|1
B3[3].9|AUTO_CHARGE_COMPLETE|AUTO - CHARGE COMPLETE|0
B3[3].10|SYS_DRY_RUN_ENABLED|SYSTEM - DRY RUN ENABLED|0
B3[3].11|SYS_MAN_SELECTED|SYSTEM - MANUAL SELECTED|0
B3[3].12|SYS_MAN_ENABLED|SYSTEM - MANUAL ENABLED|0
B3[3].13|SYS_STEP_MODE_ON|SYSTEM - STEP MODE ON|0
B3[3].14|SYS_ENABLE_FAULT_RECOVERY|SYSTEM - ENABLE FAULT RECOVERY|0
B3[3].15|SYS_START_TIMERS|SYSTEM - START TIMERS|0
B3[4].0|PLY_MAT_W_SELECTED|PLY MATERIAL W SELECTED|0
B3[4].1|PLY_MAT_X_SELECTED|PLY MATERIAL X SELECTED|0
B3[4].2|NEXT_PLY_MAT_W_SELECTED|NEXT PLY MATERIAL W SELECTED|1
B3[4].3|NEXT_PLY_MAT_X_SELECTED|NEXT PLY MATERIAL X SELECTED|0
B3[4].4|SYS_FAULT_RECOVERY_WINDOW|SYSTEM - FAULT RECOVERY WINDOW|0
B3[4].7|SYS_MAT_MOVE_DONE|SYSTEM - MATERIAL MOVE DONE|0
B3[4].8|SYS_PINCH_ROLL_W_TGGL|SYSTEM - PINCH ROLL W TGGL|1
B3[4].9|SYS_PINCH_ROLL_X_TGGL|SYSTEM - PINCH ROLL X TGGL|1
B3[4].10|SYS_TURN_ON_SHEAR|SYSTEM - TURN ON SHEAR|0
B3[4].11|SYS_TURN_OFF_SHEAR|SYSTEM - TURN OFF SHEAR|0
B3[4].12|SYS_MOVE_MAT_CLR|SYSTEM - MOVE MATERIAL CLEAR|0
B3[4].13|SYS_MOVING_MAT_CLR|SYSTEM - MOVING MATERIAL CLEAR|0
B3[4].14|SYS_MOVE_MAT_BACK|SYSTEM - MOVE MATERIAL BACK|0
B3[4].15|SYS_MOVING_MAT_BACK|SYSTEM - MOVING MATERIAL BACK|0
B3[5].0|INIT_BEGIN_CYCLE|INITIALIZE - BEGIN CYCLE|0
B3[5].1|INIT_CLOSE_GRIPPERS|INITIALIZE - CLOSE GRIPPERS|0
B3[5].2|INIT_MOVE_PRINT_AND_TABLE_TO_W|INITIALIZE - MOVE PRINT & TABLE TO W|0
B3[5].3|INIT_HOME_PRINT_AXIS|INITIALIZE - HOME PRINT AXIS|0
B3[5].4|INIT_HOMING_PRINT_AXIS|INITIALIZE - HOMING PRINT AXIS|0
B3[5].5|INIT_HOME_SIDE_W_AND_X_AXIS|INITIALIZE - HOME SIDE W & X AXIS|0
B3[5].6|INIT_JOG_SIDE_W_AXIS_TO_HOME|INITIALIZE - JOG SIDE W AXIS TO HOME|0
B3[5].7|INIT_JOGGING_SIDE_W_AXIS_TO_HOME|INITIALIZE - JOGGING SIDE W AXIS TO HOME|0
B3[5].8|INIT_SIDE_W_AXIS_AT_HOME|INITIALIZE - SIDE W AXIS @ HOME|0
B3[5].9|INIT_JOG_SIDE_W_AXIS_OFF_HOME|INITIALIZE - JOG SIDE W AXIS OFF HOME|0
B3[5].10|INIT_JOGGING_SIDE_W_AXIS_OFF_HOME|INITIALIZE - JOGGING SIDE W AXIS OFF HOME|0
B3[5].11|INIT_SIDE_W_AXIS_OFF_HOME|INITIALIZE - SIDE W AXIS OFF HOME|0
B3[5].12|INIT_JOG_SIDE_X_AXIS_TO_HOME|INITIALIZE - JOG SIDE X AXIS TO HOME|0
B3[5].13|INIT_JOGGING_SIDE_X_AXIS_TO_HOME|INITIALIZE - JOGGING SIDE X AXIS TO HOME|0
B3[5].14|INIT_SIDE_X_AXIS_AT_HOME|INITIALIZE - SIDE X AXIS @ HOME|0
B3[5].15|INIT_JOG_SIDE_X_AXIS_OFF_HOME|INITIALIZE - JOG SIDE X AXIS OFF HOME|0
B3[6].0|INIT_JOGGING_SIDE_X_AXIS_OFF_HOME|INITIALIZE - JOGGING SIDE X AXIS OFF HOME|0
B3[6].1|INIT_SIDE_X_AXIS_OFF_HOME|INITIALIZE - SIDE X AXIS OFF HOME|0
B3[6].14|INIT_MOVING_MAT_BACK|INITIALIZE - MOVING MATERIAL BACK|0
B3[6].15|INIT_CYCLE_COMPLETE|INITIALIZE - CYCLE COMPLETE|0
B3[7].0|INIT_FAULT_RECOVERY_START|INITIALIZE - FAULT RECOVERY START|0
B3[7].1|INIT_TURN_ON_SHEAR|INITIALIZE - TURN ON SHEAR|0
B3[7].2|INIT_TURN_OFF_SHEAR|INITIALIZE - TURN OFF SHEAR|0
B3[7].3|INIT_JOG_CUR_SIDE_TO_PLACE|INITIALIZE - JOG CURRENT SIDE TO PLACE|0
B3[7].4|INIT_JOGGING_CUR_SIDE_TO_PLACE|INITIALIZE - JOGGING CURRENT SIDE TO PLACE|0
B3[7].5|INIT_JOG_CUR_SIDE_AT_PLACE|INITIALIZE - JOG CURRENT SIDE @ PLACE|0
B3[7].6|INIT_JOG_CUR_SIDE_OFF_PLACE|INITIALIZE - JOG CURRENT SIDE OFF PLACE|0
B3[7].7|INIT_JOGGING_CUR_SIDE_OFF_PLACE|INITIALIZE - JOGGING CURRENT SIDE OFF PLACE|0
B3[7].8|INIT_CUR_SIDE_OFF_PLACE|INITIALIZE - CURRENT SIDE OFF PLACE|0
B3[7].9|INIT_MOVE_CUR_SIDE_TO_GRIPPER|INITIALIZE - MOVE CURRENT SIDE TO GRIPPER|0
B3[7].10|INIT_MOVING_CUR_SIDE_TO_GRIPPER|INITIALIZE - MOVING CURRENT SIDE TO GRIPPER|0
B3[7].11|INIT_OPEN_CUR_SIDE_GRIPPER|INITIALIZE - OPEN CURRENT SIDE GRIPPER|0
B3[7].12|INIT_CLOSE_CUR_SIDE_GRIPPER|INITIALIZE - CLOSE CURRENT SIDE GRIPPER|0
B3[7].13|INIT_MOVE_MAT_CLR|INITIALIZE - MOVE MATERIAL CLEAR|0
B3[7].14|INIT_MOVING_MAT_CLR|INITIALIZE - MOVING MATERIAL CLEAR|0
B3[7].15|INIT_MOVE_MAT_BACK|INITIALIZE - MOVE MATERIAL BACK|0
B3[10].0|SYS_MAT_W_DRIVE_ENABLED|SYSTEM - MATERIAL W DRIVE ENABLED|1
B3[10].1|SYS_MAT_W_DRIVE_FAULT|SYSTEM - MATERIAL W DRIVE FAULT|0
B3[10].2|SYS_MAT_W_MOTION_COMPLETE|SYSTEM - MATERIAL W MOTION COMPLETE|1
B3[10].3|SYS_MAT_X_DRIVE_ENABLED|SYSTEM - MATERIAL X DRIVE ENABLED|1
B3[10].4|SYS_MAT_X_DRIVE_FAULT|SYSTEM - MATERIAL X DRIVE FAULT|0
B3[10].5|SYS_MAT_X_MOTION_COMPLETE|SYSTEM - MATERIAL X MOTION COMPLETE|1
B3[10].15|SYS_HALF_SEC_FLASHER|SYSTEM - 1/2 SEC FLASHER|0
B3[11]|SYS_FAULTS|SYSTEM FAULTS|
B3[11].0|SYS_E_STOP_ACTIVATED_FLT|SYSTEM - E-STOP ACTIVATED FLT|0
B3[11].2|SYS_LIGHT_CURTAIN_NOT_CLR_FLT|SYSTEM - LIGHT CURTAIN NOT CLEAR FLT|0
B3[11].3|SYS_MAT_W_DRIVE_FLT|SYSTEM - MATERIAL W DRIVE FLT|0
B3[11].4|SYS_MAT_W_DRIVE_NOT_ENABLED_FLT|SYSTEM - MATERIAL W DRIVE NOT ENABLED FLT|0
B3[11].5|SYS_MAT_X_DRIVE_FLT|SYSTEM - MATERIAL X DRIVE FLT|0
B3[11].6|SYS_MAT_X_DRIVE_NOT_ENABLED_FLT|SYSTEM - MATERIAL X DRIVE NOT ENABLED FLT|0
B3[11].7|SYS_PRINT_AXIS_DRIVE_ALARM_FLT|SYSTEM - PRINT AXIS DRIVE ALARM FLT|0
B3[11].8|SYS_SIDE_W_AXIS_DRIVE_ALARM_FLT|SYSTEM - SIDE W AXIS DRIVE ALARM FLT|0
B3[11].9|SYS_SIDE_X_AXIS_DRIVE_ALARM_FLT|SYSTEM - SIDE X AXIS DRIVE ALARM FLT|0
B3[12]|STN_FAULTS_B3_12|STATION FAULTS|
B3[12].0|SYS_STN_FAULT_PRESENT_B3_12_0|SYSTEM - STATION FAULT PRESENT|0
B3[14].0|A1_COMMUNICATION_TO_DRIVE_LOST|AXIS1 COMMUNICATION TO DRIVE LOST|0
B3[14].1|A2_COMMUNICATION_TO_DRIVE_LOST|AXIS2 COMMUNICATION TO DRIVE LOST|0
B3[14].2|A1_FAULT|AXIS1 FAULT|0
B3[14].3|A2_FAULT|AXIS2 FAULT|0
B3[15].0|HMI_YES_BTTN|HMI - YES BTTN|0
B3[15].1|HMI_NO_BTTN|HMI - NO BTTN|0
B3[16].0|HMI_RESET_DATA_BTTN|HMI - RESET DATA BTTN|0
B3[16].1|HMI_INIT_BTTN|HMI - INITIALIZE BTTN|0
B3[16].2|HMI_FAULT_RESET_BTTN|HMI - FAULT RESET BTTN|0
B3[16].3|HMI_DRY_RUN_BTTN|HMI - DRY RUN BTTN|0
B3[16].4|HMI_CYCLE_START_BTTN|HMI - CYCLE START BTTN|0
B3[16].5|HMI_CYCLE_STOP_BTTN|HMI - CYCLE STOP BTTN|0
B3[16].6|HMI_ABORT_CYCLE_BTTN|HMI - ABORT CYCLE BTTN|0
B3[16].7|HMI_CONTINUE_CYCLE_BTTN|HMI - CONTINUE CYCLE BTTN|0
B3[16].8|HMI_PINCH_ROLL_W_BTTN_B3_16_8|HMI - PINCH ROLL W BTTN|0
B3[16].9|HMI_PINCH_ROLL_X_BTTN_B3_16_9|HMI - PINCH ROLL X BTTN|0
B3[16].10|HMI_SHEAR_ON_BTTN|HMI - SHEAR ON BTTN|0
B3[16].11|HMI_RESTART_CYCLE_BTTN|HMI - RESTART CYCLE BTTN|0
B3[16].12|HMI_RETRY_PLY_BTTN|HMI - RETRY PLY BTTN|0
B3[16].13|HMI_SKIP_PLY_BTTN|HMI - SKIP PLY BTTN|0
B3[16].14|HMI_RESET_BLADE_COUNT_BTTN|HMI - RESET BLADE COUNT BTTN|0
B3[17].0|HMI_DISPLAY_FAULT_MESSAGE|HMI - DISPLAY FAULT MESSAGE|0
B3[17].1|HMI_DISPLAY_PLY_MESSAGE|HMI - DISPLAY PLY MESSAGE|0
B3[17].2|HMI_DISPLAY_REDO_MESSAGE|HMI - DISPLAY REDO MESSAGE|0
B3[17].3|HMI_SETUP_CONTINUE_BTTN|HMI - SETUP CONTINUE BTTN|0
B3[17].4|HMI_MAN_CONTINUE_BTTN|HMI - MANUAL CONTINUE BTTN|0
B3[18].0|MAN_INDEX_W_IN_MOTION|MANUAL - INDEX W IN MOTION|0
B3[18].1|MAN_INDEX_X_IN_MOTION|MANUAL - INDEX X IN MOTION|0
B3[18].2|MAN_PRINT_AXIS_IN_MOTION_B3_18_2|MANUAL - PRINT AXIS IN MOTION|0
B3[18].3|MAN_PRINT_AXIS_IN_MOTION_B3_18_3|MANUAL - PRINT AXIS IN MOTION|0
B3[18].4|MAN_PRINT_AXIS_IN_MOTION_B3_18_4|MANUAL - PRINT AXIS IN MOTION|0
B3[18].5|MAN_PRINT_AXIS_IN_MOTION_B3_18_5|MANUAL - PRINT AXIS IN MOTION|0
B3[18].6|MAN_SIDE_W_AXIS_TO_PICK_IN_MOTION|MANUAL - SIDE W AXIS TO PICK IN MOTION|0
B3[18].7|MAN_SIDE_W_AXIS_TO_CUT_IN_MOTION|MANUAL - SIDE W AXIS TO CUT IN MOTION|0
B3[18].8|MAN_SIDE_W_AXIS_TO_PLACE_IN_MOTION|MANUAL - SIDE W AXIS TO PLACE IN MOTION|0
B3[18].9|MAN_SIDE_W_AXIS_RETRACT_IN_MOTION|MANUAL - SIDE W AXIS RETRACT IN MOTION|0
B3[18].10|MAN_SIDE_X_AXIS_TO_PICK_IN_MOTION|MANUAL - SIDE X AXIS TO PICK IN MOTION|0
B3[18].11|MAN_SIDE_X_AXIS_TO_CUT_IN_MOTION|MANUAL - SIDE X AXIS TO CUT IN MOTION|0
B3[18].12|MAN_SIDE_X_AXIS_TO_PLACE_IN_MOTION|MANUAL - SIDE X AXIS TO PLACE IN MOTION|0
B3[18].13|MAN_SIDE_X_AXIS_RETRACT_IN_MOTION|MANUAL - SIDE X AXIS RETRACT IN MOTION|0
B3[19].0|MAN_JOGGING_SIDE_W_AXIS_TO_HOME|MANUAL - JOGGING SIDE W AXIS TO HOME|0
B3[19].1|MAN_SIDE_W_AXIS_AT_HOME|MANUAL - SIDE W AXIS @ HOME|0
B3[19].2|MAN_JOG_SIDE_W_AXIS_OFF_HOME|MANUAL - JOG SIDE W AXIS OFF HOME|0
B3[19].3|MAN_JOGGING_SIDE_W_AXIS_OFF_HOME|MANUAL - JOGGING SIDE W AXIS OFF HOME|0
B3[19].4|MAN_SIDE_W_AXIS_OFF_HOME|MANUAL - SIDE W AXIS OFF HOME|0
B3[19].5|MAN_JOGGING_SIDE_X_AXIS_TO_HOME|MANUAL - JOGGING SIDE X AXIS TO HOME|0
B3[19].6|MAN_SIDE_X_AXIS_AT_HOME|MANUAL - SIDE X AXIS @ HOME|0
B3[19].7|MAN_JOG_SIDE_X_AXIS_OFF_HOME|MANUAL - JOG SIDE X AXIS OFF HOME|0
B3[19].8|MAN_JOGGING_SIDE_X_AXIS_OFF_HOME|MANUAL - JOGGING SIDE X AXIS OFF HOME|0
B3[19].9|MAN_SIDE_X_AXIS_OFF_HOME|MANUAL - SIDE X AXIS OFF HOME|0
B3[19].10|MAN_TURN_OFF_SHEAR|MANUAL - TURN OFF SHEAR|0
B3[19].11|MAN_MOVE_MAT_CLR|MANUAL - MOVE MATERIAL CLEAR|0
B3[19].12|MAN_MOVING_MAT_CLR|MANUAL - MOVING MATERIAL CLEAR|0
B3[19].13|MAN_MOVE_MAT_BACK|MANUAL - MOVE MATERIAL BACK|0
B3[19].14|MAN_MOVING_MAT_BACK|MANUAL - MOVING MATERIAL BACK|0
B3[20].0|MAN_STEP_CYCLE_STOP|MANUAL - STEP CYCLE STOP|0
B3[20].1|HMI_MAIN_CONTACTOR_BTTN|HMI - MAIN CONTACTOR BTTN|0
B3[20].2|HMI_BLUE_INDICATOR_BTTN|HMI - BLUE INDICATOR BTTN|0
B3[20].3|HMI_YELLOW_INDICATOR_BTTN|HMI - YELLOW INDICATOR BTTN|0
B3[20].4|HMI_RED_INDICATOR_BTTN|HMI - RED INDICATOR BTTN|0
B3[20].5|HMI_GREEN_INDICATOR_BTTN|HMI - GREEN INDICATOR BTTN|0
B3[20].6|HMI_SHEAR_BTTN|HMI - SHEAR BTTN|0
B3[20].7|HMI_DISABLE_W_DRIVE_BTTN|HMI - DISABLE W DRIVE BTTN|0
B3[20].8|HMI_INDEX_W_BTTN|HMI - INDEX W BTTN|0
B3[20].9|HMI_RESET_W_DRIVE_BTTN|HMI - RESET W DRIVE BTTN|0
B3[20].10|HMI_DISABLE_X_DRIVE_BTTN|HMI - DISABLE X DRIVE BTTN|0
B3[20].11|HMI_INDEX_X_BTTN|HMI - INDEX X BTTN|0
B3[20].12|HMI_RESET_X_DRIVE_BTTN|HMI - RESET X DRIVE BTTN|0
B3[20].13|HMI_PINCH_ROLL_W_BTTN_B3_20_13|HMI - PINCH ROLL W BTTN|0
B3[20].14|HMI_PINCH_ROLL_X_BTTN_B3_20_14|HMI - PINCH ROLL X BTTN|0
B3[20].15|HMI_PRINT_SIDE_BTTN|HMI - PRINT SIDE BTTN|0
B3[21].0|MAN_STEP_CYCLE_OS|MANUAL - STEP CYCLE OS|0
B3[21].1|MAN_MAIN_CONTACTOR_BTTN_OS|MANUAL - MAIN CONTACTOR BTTN OS|0
B3[21].2|MAN_BLUE_INDICATOR_BTTN_OS|MANUAL - BLUE INDICATOR BTTN OS|0
B3[21].3|MAN_YELLOW_INDICATOR_BTTN_OS|MANUAL - YELLOW INDICATOR BTTN OS|0
B3[21].4|MAN_RED_INDICATOR_BTTN_OS|MANUAL - RED INDICATOR BTTN OS|0
B3[21].5|MAN_GREEN_INDICATOR_BTTN_OS|MANUAL - GREEN INDICATOR BTTN OS|0
B3[21].6|MAN_SHEAR_BTTN_OS|MANUAL - SHEAR BTTN OS|0
B3[21].7|MAN_DISABLE_W_DRIVE_BTTN_OS|MANUAL - DISABLE W DRIVE BTTN OS|0
B3[21].8|MAN_INDEX_W_BTTN_OS|MANUAL - INDEX W BTTN OS|0
B3[21].10|MAN_DISABLE_X_DRIVE_BTTN_OS|MANUAL - DISABLE X DRIVE BTTN OS|0
B3[21].11|MAN_INDEX_X_BTTN_OS|MANUAL - INDEX X BTTN OS|0
B3[21].15|MAN_PRINT_SIDE_BTTN_OS|MANUAL - PRINT SIDE BTTN OS|0
B3[22].0|MAN_STEP_CYCLE_PLS|MANUAL - STEP CYCLE PLS|0
B3[22].1|MAN_MAIN_CONTACTOR_BTTN_PLS|MANUAL - MAIN CONTACTOR BTTN PLS|0
B3[22].2|MAN_BLUE_INDICATOR_BTTN_PLS|MANUAL - BLUE INDICATOR BTTN PLS|0
B3[22].3|MAN_YELLOW_INDICATOR_BTTN_PLS|MANUAL - YELLOW INDICATOR BTTN PLS|0
B3[22].4|MAN_RED_INDICATOR_BTTN_PLS|MANUAL - RED INDICATOR BTTN PLS|0
B3[22].5|MAN_GREEN_INDICATOR_BTTN_PLS|MANUAL - GREEN INDICATOR BTTN PLS|0
B3[22].6|MAN_SHEAR_BTTN_PLS|MANUAL - SHEAR BTTN PLS|0
B3[22].7|MAN_DISABLE_W_DRIVE_BTTN_PLS|MANUAL - DISABLE W DRIVE BTTN PLS|0
B3[22].8|MAN_INDEX_W_BTTN_PLS|MANUAL - INDEX W BTTN PLS|0
B3[22].10|MAN_DISABLE_X_DRIVE_BTTN_PLS|MANUAL - DISABLE X DRIVE BTTN PLS|0
B3[22].11|MAN_INDEX_X_BTTN_PLS|MANUAL - INDEX X BTTN PLS|0
B3[22].15|MAN_PRINT_SIDE_BTTN_PLS|MANUAL - PRINT SIDE BTTN PLS|0
B3[23].1|MAN_MAIN_CONTACTOR_TGGL|MANUAL - MAIN CONTACTOR TGGL|0
B3[23].2|MAN_BLUE_INDICATOR_TGGL|MANUAL - BLUE INDICATOR TGGL|0
B3[23].3|MAN_YELLOW_INDICATOR_TGGL|MANUAL - YELLOW INDICATOR TGGL|0
B3[23].4|MAN_RED_INDICATOR_TGGL|MANUAL - RED INDICATOR TGGL|0
B3[23].5|MAN_GREEN_INDICATOR_TGGL|MANUAL - GREEN INDICATOR TGGL|0
B3[23].6|MAN_SHEAR_ON_TGGL|MANUAL - SHEAR ON TGGL|0
B3[23].7|MAN_DISABLE_W_DRIVE_TGGL|MANUAL - DISABLE W DRIVE TGGL|0
B3[23].8|MAN_INDEX_W_ON_TGGL|MANUAL - INDEX W ON TGGL|0
B3[23].9|MAN_RESET_W_DRIVE_TGGL|MANUAL - RESET W DRIVE TGGL|0
B3[23].10|MAN_DISABLE_X_DRIVE_TGGL|MANUAL - DISABLE X DRIVE TGGL|0
B3[23].11|MAN_INDEX_X_ON_TGGL|MANUAL - INDEX X ON TGGL|0
B3[23].12|MAN_RESET_X_DRIVE_TGGL|MANUAL - RESET X DRIVE TGGL|0
B3[23].15|MAN_PRINT_SIDE_ON_TGGL|MANUAL - PRINT SIDE ON TGGL|0
B3[24].6|MAN_SHEAR_OFF_TGGL|MANUAL - SHEAR OFF TGGL|0
B3[24].8|MAN_INDEX_W_OFF_TGGL|MANUAL - INDEX W OFF TGGL|0
B3[24].11|MAN_INDEX_X_OFF_TGGL|MANUAL - INDEX X OFF TGGL|0
B3[24].15|MAN_PRINT_SIDE_OFF_TGGL|MANUAL - PRINT SIDE OFF TGGL|0
B3[25].0|HMI_TABLE_SIDE_BTTN|HMI - TABLE SIDE BTTN|0
B3[25].1|HMI_PRINT_AXIS_INDEX_BTTN|HMI - PRINT AXIS INDEX BTTN|0
B3[25].2|HMI_PRINT_AXIS_HOME_BTTN|HMI - PRINT AXIS HOME BTTN|0
B3[25].3|HMI_PRINT_AXIS_RESET_BTTN|HMI - PRINT AXIS RESET BTTN|0
B3[25].4|HMI_GRIPPER_W_BTTN|HMI - GRIPPER W BTTN|0
B3[25].5|HMI_GRIPPER_X_BTTN|HMI - GRIPPER X BTTN|0
B3[25].6|HMI_SIDE_W_AXIS_TO_PICK_BTTN|HMI - SIDE W AXIS TO PICK BTTN|0
B3[25].7|HMI_SIDE_W_AXIS_TO_CUT_BTTN|HMI - SIDE W AXIS TO CUT BTTN|0
B3[25].8|HMI_SIDE_W_AXIS_TO_PLACE_BTTN|HMI - SIDE W AXIS TO PLACE BTTN|0
B3[25].9|HMI_SIDE_W_AXIS_RETRACT_BTTN|HMI - SIDE W AXIS RETRACT BTTN|0
B3[25].10|HMI_SIDE_W_HOME_BTTN|HMI - SIDE W HOME BTTN|0
B3[25].11|HMI_SIDE_W_RESET_BTTN|HMI - SIDE W RESET BTTN|0
B3[25].12|HMI_SIDE_X_AXIS_TO_PICK_BTTN|HMI - SIDE X AXIS TO PICK BTTN|0
B3[25].13|HMI_SIDE_X_AXIS_TO_CUT_BTTN|HMI - SIDE X AXIS TO CUT BTTN|0
B3[25].14|HMI_SIDE_X_AXIS_TO_PLACE_BTTN|HMI - SIDE X AXIS TO PLACE BTTN|0
B3[25].15|HMI_SIDE_X_AXIS_RETRACT_BTTN|HMI - SIDE X AXIS RETRACT BTTN|0
B3[26].0|MAN_TABLE_SIDE_BTTN_OS|MANUAL - TABLE SIDE BTTN OS|0
B3[26].1|MAN_PRINT_AXIS_INDEX_BTTN_OS|MANUAL - PRINT AXIS INDEX BTTN OS|0
B3[26].2|MAN_PRINT_AXIS_HOME_BTTN_OS|MANUAL - PRINT AXIS HOME BTTN OS|0
B3[26].4|MAN_GRIPPER_W_BTTN_OS|MANUAL - GRIPPER W BTTN OS|0
B3[26].5|MAN_GRIPPER_X_BTTN_OS|MANUAL - GRIPPER X BTTN OS|0
B3[26].6|MAN_SIDE_W_AXIS_TO_PICK_BTTN_OS|MANUAL - SIDE W AXIS TO PICK BTTN OS|0
B3[26].7|MAN_SIDE_W_AXIS_TO_CUT_BTTN_OS|MANUAL - SIDE W AXIS TO CUT BTTN OS|0
B3[26].8|MAN_SIDE_W_AXIS_TO_PLACE_BTTN_OS|MANUAL - SIDE W AXIS TO PLACE BTTN OS|0
B3[26].9|MAN_SIDE_W_AXIS_RETRACT_BTTN_OS|MANUAL - SIDE W AXIS RETRACT BTTN OS|0
B3[26].10|MAN_SIDE_W_HOME_BTTN_OS|MANUAL - SIDE W HOME BTTN OS|0
B3[26].12|MAN_SIDE_X_AXIS_TO_PICK_BTTN_OS|MANUAL - SIDE X AXIS TO PICK BTTN OS|0
B3[26].13|MAN_SIDE_X_AXIS_TO_CUT_BTTN_OS|MANUAL - SIDE X AXIS TO CUT BTTN OS|0
B3[26].14|MAN_SIDE_X_AXIS_TO_PLACE_BTTN_OS|MANUAL - SIDE X AXIS TO PLACE BTTN OS|0
B3[26].15|MAN_SIDE_X_AXIS_RETRACT_BTTN_OS|MANUAL - SIDE X AXIS RETRACT BTTN OS|0
B3[27].0|MAN_TABLE_SIDE_BTTN_PLS|MANUAL - TABLE SIDE BTTN PLS|0
B3[27].1|MAN_PRINT_AXIS_INDEX_BTTN_PLS|MANUAL - PRINT AXIS INDEX BTTN PLS|0
B3[27].2|MAN_PRINT_AXIS_HOME_BTTN_PLS|MANUAL - PRINT AXIS HOME BTTN PLS|0
B3[27].4|MAN_GRIPPER_W_BTTN_PLS|MANUAL - GRIPPER W BTTN PLS|0
B3[27].5|MAN_GRIPPER_X_BTTN_PLS|MANUAL - GRIPPER X BTTN PLS|0
B3[27].6|MAN_SIDE_W_AXIS_TO_PICK_BTTN_PLS|MANUAL - SIDE W AXIS TO PICK BTTN PLS|0
B3[27].7|MAN_SIDE_W_AXIS_TO_CUT_BTTN_PLS|MANUAL - SIDE W AXIS TO CUT BTTN PLS|0
B3[27].8|MAN_SIDE_W_AXIS_TO_PLACE_BTTN_PLS|MANUAL - SIDE W AXIS TO PLACE BTTN PLS|0
B3[27].9|MAN_SIDE_W_AXIS_RETRACT_BTTN_PLS|MANUAL - SIDE W AXIS RETRACT BTTN PLS|0
B3[27].10|MAN_SIDE_W_HOME_BTTN_PLS|MANUAL - SIDE W HOME BTTN PLS|0
B3[27].12|MAN_SIDE_X_AXIS_TO_PICK_BTTN_PLS|MANUAL - SIDE X AXIS TO PICK BTTN PLS|0
B3[27].13|MAN_SIDE_X_AXIS_TO_CUT_BTTN_PLS|MANUAL - SIDE X AXIS TO CUT BTTN PLS|0
B3[27].14|MAN_SIDE_X_AXIS_TO_PLACE_BTTN_PLS|MANUAL - SIDE X AXIS TO PLACE BTTN PLS|0
B3[27].15|MAN_SIDE_X_AXIS_RETRACT_BTTN_PLS|MANUAL - SIDE X AXIS RETRACT BTTN PLS|0
B3[28].0|MAN_TABLE_SIDE_ON_TGGL|MANUAL - TABLE SIDE ON TGGL|0
B3[28].1|MAN_PRINT_AXIS_INDEX_ON_TGGL|MANUAL - PRINT AXIS INDEX ON TGGL|0
B3[28].2|MAN_PRINT_AXIS_HOME_ON_TGGL|MANUAL - PRINT AXIS HOME ON TGGL|0
B3[28].3|MAN_PRINT_AXIS_RESET_TGGL|MANUAL - PRINT AXIS RESET TGGL|0
B3[28].4|MAN_GRIPPER_W_TGGL|MANUAL - GRIPPER W TGGL|0
B3[28].5|MAN_GRIPPER_X_TGGL|MANUAL - GRIPPER X TGGL|0
B3[28].6|MAN_SIDE_W_AXIS_TO_PICK_ON_TGGL|MANUAL - SIDE W AXIS TO PICK ON TGGL|0
B3[28].7|MAN_SIDE_W_AXIS_TO_CUT_ON_TGGL|MANUAL - SIDE W AXIS TO CUT ON TGGL|0
B3[28].8|MAN_SIDE_W_AXIS_TO_PLACE_ON_TGGL|MANUAL - SIDE W AXIS TO PLACE ON TGGL|0
B3[28].9|MAN_SIDE_W_AXIS_RETRACT_ON_TGGL|MANUAL - SIDE W AXIS RETRACT ON TGGL|0
B3[28].10|MAN_SIDE_W_AXIS_HOME_ON_TGGL|MANUAL - SIDE W AXIS HOME ON TGGL|0
B3[28].11|MAN_SIDE_W_RESET_TGGL|MANUAL - SIDE W RESET TGGL|0
B3[28].12|MAN_SIDE_X_AXIS_TO_PICK_ON_TGGL|MANUAL - SIDE X AXIS TO PICK ON TGGL|0
B3[28].13|MAN_SIDE_X_AXIS_TO_CUT_ON_TGGL|MANUAL - SIDE X AXIS TO CUT ON TGGL|0
B3[28].14|MAN_SIDE_X_AXIS_TO_PLACE_ON_TGGL|MANUAL - SIDE X AXIS TO PLACE ON TGGL|0
B3[28].15|MAN_SIDE_X_AXIS_RETRACT_ON_TGGL|MANUAL - SIDE X AXIS RETRACT ON TGGL|0
B3[29].0|MAN_TABLE_SIDE_OFF_TGGL|MANUAL - TABLE SIDE OFF TGGL|0
B3[29].1|MAN_PRINT_AXIS_INDEX_OFF_TGGL|MANUAL - PRINT AXIS INDEX OFF TGGL|0
B3[29].2|MAN_PRINT_AXIS_HOME_OFF_TGGL|MANUAL - PRINT AXIS HOME OFF TGGL|0
B3[29].6|MAN_SIDE_W_AXIS_TO_PICK_OFF_TGGL|MANUAL - SIDE W AXIS TO PICK OFF TGGL|0
B3[29].7|MAN_SIDE_W_AXIS_TO_CUT_OFF_TGGL|MANUAL - SIDE W AXIS TO CUT OFF TGGL|0
B3[29].8|MAN_SIDE_W_AXIS_TO_PLACE_OFF_TGGL|MANUAL - SIDE W AXIS TO PLACE OFF TGGL|0
B3[29].9|MAN_SIDE_W_AXIS_RETRACT_OFF_TGGL|MANUAL - SIDE W AXIS RETRACT OFF TGGL|0
B3[29].10|MAN_SIDE_W_AXIS_HOME_OFF_TGGL|MANUAL - SIDE W AXIS HOME OFF TGGL|0
B3[29].12|MAN_SIDE_X_AXIS_TO_PICK_OFF_TGGL|MANUAL - SIDE X AXIS TO PICK OFF TGGL|0
B3[29].13|MAN_SIDE_X_AXIS_TO_CUT_OFF_TGGL|MANUAL - SIDE X AXIS TO CUT OFF TGGL|0
B3[29].14|MAN_SIDE_X_AXIS_TO_PLACE_OFF_TGGL|MANUAL - SIDE X AXIS TO PLACE OFF TGGL|0
B3[29].15|MAN_SIDE_X_AXIS_RETRACT_OFF_TGGL|MANUAL - SIDE X AXIS RETRACT OFF TGGL|0
B3[30].0|HMI_SIDE_X_HOME_BTTN|HMI - SIDE X HOME BTTN|0
B3[30].1|HMI_SIDE_X_AXIS_RESET_BTTN|HMI - SIDE X AXIS RESET BTTN|0
B3[30].12|MAN_MAT_W_SINGLE_CYCLE_BTTN|MANUAL - MATERIAL W SINGLE CYCLE BTTN|0
B3[30].13|MAN_MAT_X_SINGLE_CYCLE_BTTN|MANUAL - MATERIAL X SINGLE CYCLE BTTN|0
B3[30].14|MAN_STEP_MODE_BTTN|MANUAL - STEP MODE BTTN|0
B3[30].15|MAN_STOP_STEP_BTTN|MANUAL - STOP STEP BTTN|0
B3[31].0|MAN_SIDE_X_HOME_BTTN_OS|MANUAL - SIDE X HOME BTTN OS|0
B3[31].12|MAN_SINGLE_CYCLE_BTTN_OS|MANUAL - SINGLE CYCLE BTTN OS|0
B3[32].0|MAN_SIDE_X_HOME_BTTN_PLS|MANUAL - SIDE X HOME BTTN PLS|0
B3[32].12|MAN_SINGLE_CYCLE_BTTN_PLS|MANUAL - SINGLE CYCLE BTTN PLS|0
B3[33].0|MAN_SIDE_X_AXIS_HOME_ON_TGGL|MANUAL - SIDE X AXIS HOME ON TGGL|0
B3[33].1|MAN_SIDE_X_AXIS_RESET_TGGL|MANUAL - SIDE X AXIS RESET TGGL|0
B3[34].0|MAN_SIDE_X_AXIS_HOME_OFF_TGGL|MANUAL - SIDE X AXIS HOME OFF TGGL|0
B3[35].0|MAN_SIDE_W_HOMED|MANUAL - SIDE W HOMED|0
B3[35].1|MAN_SIDE_W_AT_PICK|MANUAL - SIDE W @ PICK|0
B3[35].2|MAN_SIDE_W_AT_CUT|MANUAL - SIDE W @ CUT|0
B3[35].3|MAN_SIDE_W_AT_PLACE|MANUAL - SIDE W @ PLACE|0
B3[35].4|MAN_SIDE_W_AT_RETRACT|MANUAL - SIDE W @ RETRACT|0
B3[35].8|MAN_SIDE_X_HOMED|MANUAL - SIDE X HOMED|0
B3[35].9|MAN_SIDE_X_AT_PICK|MANUAL - SIDE X @ PICK|0
B3[35].10|MAN_SIDE_X_AT_CUT|MANUAL - SIDE X @ CUT|0
B3[35].11|MAN_SIDE_X_AT_PLACE|MANUAL - SIDE X @ PLACE|0
B3[35].12|MAN_SIDE_X_AT_RETRACT|MANUAL - SIDE X @ RETRACT|0
B3[40].0|SYS_PLY_1_COMPLETE|SYSTEM - PLY 1 COMPLETE|0
B3[40].1|SYS_PLY_2_COMPLETE|SYSTEM - PLY 2 COMPLETE|0
B3[40].2|SYS_PLY_3_COMPLETE|SYSTEM - PLY 3 COMPLETE|0
B3[40].3|SYS_PLY_4_COMPLETE|SYSTEM - PLY 4 COMPLETE|0
B3[40].4|SYS_PLY_5_COMPLETE|SYSTEM - PLY 5 COMPLETE|0
B3[40].5|SYS_PLY_6_COMPLETE|SYSTEM - PLY 6 COMPLETE|0
B3[40].6|SYS_PLY_7_COMPLETE|SYSTEM - PLY 7 COMPLETE|0
B3[40].7|SYS_PLY_8_COMPLETE|SYSTEM - PLY 8 COMPLETE|0
B3[40].8|SYS_PLY_9_COMPLETE|SYSTEM - PLY 9 COMPLETE|0
B3[40].9|SYS_PLY_10_COMPLETE|SYSTEM - PLY 10 COMPLETE|0
B3[40].10|SYS_PLY_11_COMPLETE|SYSTEM - PLY 11 COMPLETE|0
B3[40].11|SYS_PLY_12_COMPLETE|SYSTEM - PLY 12 COMPLETE|0
B3[40].12|SYS_PLY_13_COMPLETE|SYSTEM - PLY 13 COMPLETE|0
B3[40].13|SYS_PLY_14_COMPLETE|SYSTEM - PLY 14 COMPLETE|0
B3[40].14|SYS_PLY_15_COMPLETE|SYSTEM - PLY 15 COMPLETE|0
B3[40].15|SYS_PLY_16_COMPLETE|SYSTEM - PLY 16 COMPLETE|0
B3[41].0|SYS_PLY_17_COMPLETE|SYSTEM - PLY 17 COMPLETE|0
B3[41].1|SYS_PLY_18_COMPLETE|SYSTEM - PLY 18 COMPLETE|0
B3[41].2|SYS_PLY_19_COMPLETE|SYSTEM - PLY 19 COMPLETE|0
B3[41].3|SYS_PLY_20_COMPLETE|SYSTEM - PLY 20 COMPLETE|0
B3[42].0|HMI_PLY_1_REDO_BTTN|HMI - PLY 1 REDO BTTN|0
B3[42].1|HMI_PLY_2_REDO_BTTN|HMI - PLY 2 REDO BTTN|0
B3[42].2|HMI_PLY_3_REDO_BTTN|HMI - PLY 3 REDO BTTN|0
B3[42].3|HMI_PLY_4_REDO_BTTN|HMI - PLY 4 REDO BTTN|0
B3[42].4|HMI_PLY_5_REDO_BTTN|HMI - PLY 5 REDO BTTN|0
B3[42].5|HMI_PLY_6_REDO_BTTN|HMI - PLY 6 REDO BTTN|0
B3[42].6|HMI_PLY_7_REDO_BTTN|HMI - PLY 7 REDO BTTN|0
B3[42].7|HMI_PLY_8_REDO_BTTN|HMI - PLY 8 REDO BTTN|0
B3[42].8|HMI_PLY_9_REDO_BTTN|HMI - PLY 9 REDO BTTN|0
B3[42].9|HMI_PLY_10_REDO_BTTN|HMI - PLY 10 REDO BTTN|0
B3[42].10|HMI_PLY_11_REDO_BTTN|HMI - PLY 11 REDO BTTN|0
B3[42].11|HMI_PLY_12_REDO_BTTN|HMI - PLY 12 REDO BTTN|0
B3[42].12|HMI_PLY_13_REDO_BTTN|HMI - PLY 13 REDO BTTN|0
B3[42].13|HMI_PLY_14_REDO_BTTN|HMI - PLY 14 REDO BTTN|0
B3[42].14|HMI_PLY_15_REDO_BTTN|HMI - PLY 15 REDO BTTN|0
B3[42].15|HMI_PLY_16_REDO_BTTN|HMI - PLY 16 REDO BTTN|0
B3[43].0|HMI_PLY_17_REDO_BTTN|HMI - PLY 17 REDO BTTN|0
B3[43].1|HMI_PLY_18_REDO_BTTN|HMI - PLY 18 REDO BTTN|0
B3[43].2|HMI_PLY_19_REDO_BTTN|HMI - PLY 19 REDO BTTN|0
B3[43].3|HMI_PLY_20_REDO_BTTN|HMI - PLY 20 REDO BTTN|0
B3[44].0|SYS_PLY_1_REDO_BTTN_OS|SYSTEM - PLY 1 REDO BTTN OS|0
B3[44].1|SYS_PLY_2_REDO_BTTN_OS|SYSTEM - PLY 2 REDO BTTN OS|0
B3[44].2|SYS_PLY_3_REDO_BTTN_OS|SYSTEM - PLY 3 REDO BTTN OS|0
B3[44].3|SYS_PLY_4_REDO_BTTN_OS|SYSTEM - PLY 4 REDO BTTN OS|0
B3[44].4|SYS_PLY_5_REDO_BTTN_OS|SYSTEM - PLY 5 REDO BTTN OS|0
B3[44].5|SYS_PLY_6_REDO_BTTN_OS|SYSTEM - PLY 6 REDO BTTN OS|0
B3[44].6|SYS_PLY_7_REDO_BTTN_OS|SYSTEM - PLY 7 REDO BTTN OS|0
B3[44].7|SYS_PLY_8_REDO_BTTN_OS|SYSTEM - PLY 8 REDO BTTN OS|0
B3[44].8|SYS_PLY_9_REDO_BTTN_OS|SYSTEM - PLY 9 REDO BTTN OS|0
B3[44].9|SYS_PLY_10_REDO_BTTN_OS|SYSTEM - PLY 10 REDO BTTN OS|0
B3[44].10|SYS_PLY_11_REDO_BTTN_OS|SYSTEM - PLY 11 REDO BTTN OS|0
B3[44].11|SYS_PLY_12_REDO_BTTN_OS|SYSTEM - PLY 12 REDO BTTN OS|0
B3[44].12|SYS_PLY_13_REDO_BTTN_OS|SYSTEM - PLY 13 REDO BTTN OS|0
B3[44].13|SYS_PLY_14_REDO_BTTN_OS|SYSTEM - PLY 14 REDO BTTN OS|0
B3[44].14|SYS_PLY_15_REDO_BTTN_OS|SYSTEM - PLY 15 REDO BTTN OS|0
B3[44].15|SYS_PLY_16_REDO_BTTN_OS|SYSTEM - PLY 16 REDO BTTN OS|0
B3[45].0|SYS_PLY_17_REDO_BTTN_OS|SYSTEM - PLY 17 REDO BTTN OS|0
B3[45].1|SYS_PLY_18_REDO_BTTN_OS|SYSTEM - PLY 18 REDO BTTN OS|0
B3[45].2|SYS_PLY_19_REDO_BTTN_OS|SYSTEM - PLY 19 REDO BTTN OS|0
B3[45].3|SYS_PLY_20_REDO_BTTN_OS|SYSTEM - PLY 20 REDO BTTN OS|0
B3[46].0|SYS_PLY_1_REDO_BTTN_PLS|SYSTEM - PLY 1 REDO BTTN PLS|0
B3[46].1|SYS_PLY_2_REDO_BTTN_PLS|SYSTEM - PLY 2 REDO BTTN PLS|0
B3[46].2|SYS_PLY_3_REDO_BTTN_PLS|SYSTEM - PLY 3 REDO BTTN PLS|0
B3[46].3|SYS_PLY_4_REDO_BTTN_PLS|SYSTEM - PLY 4 REDO BTTN PLS|0
B3[46].4|SYS_PLY_5_REDO_BTTN_PLS|SYSTEM - PLY 5 REDO BTTN PLS|0
B3[46].5|SYS_PLY_6_REDO_BTTN_PLS|SYSTEM - PLY 6 REDO BTTN PLS|0
B3[46].6|SYS_PLY_7_REDO_BTTN_PLS|SYSTEM - PLY 7 REDO BTTN PLS|0
B3[46].7|SYS_PLY_8_REDO_BTTN_PLS|SYSTEM - PLY 8 REDO BTTN PLS|0
B3[46].8|SYS_PLY_9_REDO_BTTN_PLS|SYSTEM - PLY 9 REDO BTTN PLS|0
B3[46].9|SYS_PLY_10_REDO_BTTN_PLS|SYSTEM - PLY 10 REDO BTTN PLS|0
B3[46].10|SYS_PLY_11_REDO_BTTN_PLS|SYSTEM - PLY 11 REDO BTTN PLS|0
B3[46].11|SYS_PLY_12_REDO_BTTN_PLS|SYSTEM - PLY 12 REDO BTTN PLS|0
B3[46].12|SYS_PLY_13_REDO_BTTN_PLS|SYSTEM - PLY 13 REDO BTTN PLS|0
B3[46].13|SYS_PLY_14_REDO_BTTN_PLS|SYSTEM - PLY 14 REDO BTTN PLS|0
B3[46].14|SYS_PLY_15_REDO_BTTN_PLS|SYSTEM - PLY 15 REDO BTTN PLS|0
B3[46].15|SYS_PLY_16_REDO_BTTN_PLS|SYSTEM - PLY 16 REDO BTTN PLS|0
B3[47].0|SYS_PLY_17_REDO_BTTN_PLS|SYSTEM - PLY 17 REDO BTTN PLS|0
B3[47].1|SYS_PLY_18_REDO_BTTN_PLS|SYSTEM - PLY 18 REDO BTTN PLS|0
B3[47].2|SYS_PLY_19_REDO_BTTN_PLS|SYSTEM - PLY 19 REDO BTTN PLS|0
B3[47].3|SYS_PLY_20_REDO_BTTN_PLS|SYSTEM - PLY 20 REDO BTTN PLS|0
C15[0]|CUR_PLY_COUNT|CURRENT PLY COUNT)|[0, 0, 1]
C5[0]|SYS_RUN_TIME_SECS|SYSTEM - RUN TIME SECS|[-2147483648, 60, 46]
C5[1]|SYS_RUN_TIME_MINS|SYSTEM - RUN TIME MINS|[-2147483648, 60, 2]
C5[2]|SYS_SHIFT_RUN_TIME_SECS|SYSTEM - SHIFT RUN TIME SECS|[-2147483648, 60, 19]
C5[3]|SYS_SHIFT_RUN_TIME_MINS|SYSTEM - SHIFT RUN TIME MINS|[-2147483648, 60, 16]
C5[4]|SYS_IDLE_TIME_SECS|SYSTEM - IDLE TIME SECS|[-2147483648, 60, 24]
C5[5]|SYS_IDLE_TIME_MINS|SYSTEM - IDLE TIME MINS|[-2147483648, 60, 25]
C5[6]|SYS_ERROR_TIME_SECS|SYSTEM - ERROR TIME SECS|[-2147483648, 60, 15]
C5[7]|SYS_ERROR_TIME_MINS|SYSTEM - ERROR TIME MINS|[-2147483648, 60, 57]
C5[8]|SYS_BLADE_COUNT|SYSTEM - BLADE COUNT)|[0, 30000, 4313]
F18[1]|LAYER_1_LENGTH|LAYER 1 LENGTH|0.0
F18[2]|LAYER_2_LENGTH|LAYER 2 LENGTH|0.0
F18[3]|LAYER_3_LENGTH|LAYER 3 LENGTH|0.0
F18[4]|LAYER_4_LENGTH|LAYER 4 LENGTH|0.0
F18[5]|LAYER_5_LENGTH|LAYER 5 LENGTH|0.0
F18[6]|LAYER_6_LENGTH|LAYER 6 LENGTH|0.0
F18[7]|LAYER_7_LENGTH|LAYER 7 LENGTH|0.0
F18[8]|LAYER_8_LENGTH|LAYER 8 LENGTH|0.0
F18[9]|LAYER_9_LENGTH|LAYER 9 LENGTH|0.0
F18[10]|LAYER_10_LENGTH|LAYER 10 LENGTH|0.0
F18[11]|LAYER_11_LENGTH|LAYER 11 LENGTH|0.0
F18[12]|LAYER_12_LENGTH|LAYER 12 LENGTH|0.0
F18[13]|LAYER_13_LENGTH|LAYER 13 LENGTH|0.0
F18[14]|LAYER_14_LENGTH|LAYER 14 LENGTH|0.0
F18[15]|LAYER_15_LENGTH|LAYER 15 LENGTH|0.0
F18[16]|LAYER_16_LENGTH|LAYER 16 LENGTH|0.0
F18[17]|LAYER_17_LENGTH|LAYER 17 LENGTH|0.0
F18[18]|LAYER_18_LENGTH|LAYER 18 LENGTH|0.0
F18[19]|LAYER_19_LENGTH|LAYER 19 LENGTH|0.0
F18[20]|LAYER_20_LENGTH|LAYER 20 LENGTH|0.0
F209[0]|A1_ACTUAL_VELOCITY_IN_UU_MIN_F209_0|AXIS1 ACTUAL VELOCITY IN UU/MIN (REAL)|0.00183946197
F209[6]|A1_DATA_LINK_C_F209_6|AXIS1 DATA LINK C (REAL)|0.0
F209[20]|A2_ACTUAL_VELOCITY_IN_UU_MIN_F209_20|AXIS2 ACTUAL VELOCITY IN UU/MIN (REAL)|-0.001708072
F209[26]|A2_DATA_LINK_C_F209_26|AXIS2 DATA LINK C (REAL)|0.0
F211[0]|A1_ACCEL_LIMIT_IN_UU_F211_0|AXIS1 ACCELERATION LIMIT IN UU (POS. MODE) (REAL)|12.0
F211[1]|A1_DECELERATION_LIMIT_IN_UU|AXIS1 DECELERATION LIMIT IN UU (POS. MODE) (REAL)|12.0
F211[3]|A1_VELOCITY_LIMIT_IN_UU_SEC|AXIS1 VELOCITY LIMIT IN UU/SEC (POS. MODE) (REAL)|24.2999992
F211[4]|A1_REFERENCE_POSITION_IN_UU|AXIS1 REFERENCE POSITION IN UU (REAL)|76.9460831
F211[6]|A1_DATA_LINK_C_F211_6|AXIS1 DATA LINK C (REAL)|0.0
F211[20]|A2_ACCEL_LIMIT_IN_UU_F211_20|AXIS2 ACCELERATION LIMIT IN UU (POS. MODE) (REAL)|12.0
F211[21]|A2_DECELERATION_LIMIT_IN_UU|AXIS2 DECELERATION LIMIT IN UU (POS. MODE) (REAL)|12.0
F211[23]|A2_VELOCITY_LIMIT_IN_UU_SEC|AXIS2 VELOCITY LIMIT IN UU/SEC (POS. MODE) (REAL)|24.2999992
F211[24]|A2_REFERENCE_POSITION_IN_UU|AXIS2 REFERENCE POSITION IN UU (REAL)|-0.5
F211[26]|A2_DATA_LINK_C_F211_26|AXIS2 DATA LINK C (REAL)|0.0
F8[0]|SYS_RUN_TIME_HRS|SYSTEM - RUN TIME HRS|2664.0
F8[1]|SYS_MACHINE_CYCLES|SYSTEM - MACHINE CYCLES|304854.0
F8[2]|SYS_SHIFT_RUN_TIME_HRS|SYSTEM - SHIFT RUN TIME HRS|949.0
F8[3]|SYS_IDLE_TIME_HRS|SYSTEM - IDLE TIME HRS|8087.0
F8[4]|SYS_ERROR_TIME_HRS|SYSTEM - ERROR TIME HRS|2494.0
F8[5]|SYS_SHIFT_CYCLES|SYSTEM - SHIFT CYCLES|108595.0
F8[6]|SYS_BRAKE_SCALE_FACTOR|SYSTEM - BRAKE SCALE FACTOR|0.4
F8[7]|SYS_CUR_PLY_LENGTH|SYSTEM - CURRENT PLY LENGTH|0.0
F8[8]|MAN_MAT_W_LENGTH|MANUAL - MATERIAL W LENGTH|107.0
F8[9]|MAN_MAT_X_LENGTH|MANUAL - MATERIAL X LENGTH|107.0
F8[10]|SYS_ADJUSTED_PLY_LENGTH|SYSTEM - ADJUSTED PLY LENGTH|12.29316
F8[11]|SYS_SIDE_W_GRIPPER_LENGTH|SYSTEM - SIDE W GRIPPER LENGTH|9.5
F8[12]|SYS_SIDE_W_CUT_LENGTH|SYSTEM - SIDE W CUT LENGTH|76.9460831
F8[13]|SYS_SIDE_X_GRIPPER_LENGTH|SYSTEM - SIDE X GRIPPER LENGTH|9.5
F8[14]|SYS_SIDE_X_CUT_LENGTH|SYSTEM - SIDE X CUT LENGTH|2.79315996
F8[15]|SYS_SIDE_W_CUT_POSITION|SYSTEM - SIDE W CUT POSITION|13029.5596
F8[16]|SYS_SIDE_X_CUT_POSITION|SYSTEM - SIDE X CUT POSITION|472.9761
F8[17]|SYS_ACCEL_DECEL_COUNTS_F8_17|SYSTEM - ACCEL/DECEL COUNTS|40.6399994
F8[18]|SYS_STD_ACCEL_DECEL_RATE|SYSTEM - STANDARD ACCEL/DECEL RATE|12.0
F8[19]|SYS_ACCEL_DECEL_RATE|SYSTEM - ACCEL/DECEL RATE|0.119999997
F8[20]|SYS_STD_VELOCITY|SYSTEM - STANDARD VELOCITY|24.2999992
F8[21]|SYS_VELOCITY|SYSTEM - VELOCITY|0.243
F8[22]|HMI_LENGTH_SCALE_FACTOR_W|HMI - LENGTH SCALE FACTOR W|1.005
F8[23]|HMI_LENGTH_SCALE_FACTOR_X|HMI - LENGTH SCALE FACTOR X|1.005
F8[30]|SYS_MAT_W_POSITION|SYSTEM - MATERIAL W POSITION|-0.5
F8[31]|SYS_MAT_W_VELOCITY|SYSTEM - MATERIAL W VELOCITY|24.2999992
F8[32]|SYS_MAT_W_ACCEL|SYSTEM - MATERIAL W ACCEL|12.0
F8[33]|SYS_MAT_W_DECEL|SYSTEM - MATERIAL W DECEL|12.0
F8[35]|W_MIN_LEN_FACTOR|W$QMINIMUM LENGTH FACTOR NOT TO RUN BELOW 10.05 AT <1.0 SCALE FACTOR|107.0
F8[36]|X_MIN_LEN_FACTOR|X$QMINIMUM LENGTH FACTOR NOT TO RUN BELOW 10.05 AT <1.0 SCALE FACTOR|107.0
F8[41]|SYS_SIDE_W_TO_GRIPPER_DISTANCE|SYSTEM - SIDE W TO GRIPPER DISTANCE|10.0
F8[43]|SYS_SIDE_X_TO_GRIPPER_DISTANCE|SYSTEM - SIDE X TO GRIPPER DISTANCE|10.0
F8[50]|SYS_MAT_X_POSITION|SYSTEM - MATERIAL X POSITION|-2.0
F8[51]|SYS_MAT_X_VELOCITY|SYSTEM - MATERIAL X VELOCITY|24.2999992
F8[52]|SYS_MAT_X_ACCEL|SYSTEM - MATERIAL X ACCEL|12.0
F8[53]|SYS_MAT_X_DECEL|SYSTEM - MATERIAL X DECEL|12.0
L19[0]|SYS_SIDE_W_CUT_COUNTS|SYSTEM - SIDE W CUT COUNTS|12530
L19[1]|SYS_SIDE_W_PLACE_COUNTS|SYSTEM - SIDE W PLACE COUNTS|41958
L19[2]|SYS_SIDE_X_CUT_COUNTS|SYSTEM - SIDE X CUT COUNTS|473
L19[3]|SYS_SIDE_X_PLACE_COUNTS|SYSTEM - SIDE X PLACE COUNTS|54040
L19[4]|SYS_SIDE_W_TOTAL_PLACE_COUNTS|SYSTEM - SIDE W TOTAL PLACE COUNTS|54488
L19[5]|SYS_SIDE_W_RETRACT_COUNTS|SYSTEM - SIDE W RETRACT COUNTS|53413
L19[6]|SYS_SIDE_X_TOTAL_PLACE_COUNTS|SYSTEM - SIDE X TOTAL PLACE COUNTS|54513
L19[7]|SYS_SIDE_X_RETRACT_COUNTS|SYSTEM - SIDE X RETRACT COUNTS|53438
L204[0]|A1_DRIVE_FAULT_RESET|AXIS1 DRIVE FAULT RESET|0
L204[10]|A2_DRIVE_FAULT_RESET|AXIS2 DRIVE FAULT RESET|0
L208[0]|A1_INPUT_ASSBLY_BITS|AXIS1 INPUT ASSBLY BITS|827917
L208[0].0|A1_ENABLED_STATUS_0DISABLED_1ENABLED|AXIS1 ENABLED STATUS 0DISABLED 1ENABLED|1
L208[0].1|A1_PHYSICAL_AXIS_FAULT|AXIS1 PHYSICAL AXIS FAULT|0
L208[1].1|A1_MOTION_COMPLETE|AXIS1 MOTION COMPLETE|1
L208[6]|A1_ACTUAL_VELOCITY_IN_UU_MIN_L208_6|AXIS1 ACTUAL VELOCITY IN UU/MIN (REAL)|988879384
L208[14]|A1_DATA_LINK_C_L208_14|AXIS1 DATA LINK C (REAL)|0
L208[20]|A2_INPUT_ASSBLY_BITS|AXIS2 INPUT ASSBLY BITS|827917
L208[20].0|A2_ENABLED_STATUS_0DISABLED_1ENABLED|AXIS2 ENABLED STATUS 0DISABLED 1ENABLED|1
L208[20].1|A2_PHYSICAL_AXIS_FAULT|AXIS2 PHYSICAL AXIS FAULT|0
L208[21].1|A2_MOTION_COMPLETE|AXIS2 MOTION COMPLETE|1
L208[26]|A2_ACTUAL_VELOCITY_IN_UU_MIN_L208_26|AXIS2 ACTUAL VELOCITY IN UU/MIN (REAL)|-1159732896
L208[34]|A2_DATA_LINK_C_L208_34|AXIS2 DATA LINK C (REAL)|0
L210[0]|A1_OUTPUT_ASSBLY_BITS|AXIS1 OUTPUT ASSBLY BITS|128
L210[0].2|A1_START_MOTION|AXIS1 START MOTION|0
L210[0].7|A1_DRIVE_ENABLE|AXIS1 DRIVE ENABLE|1
L210[2]|A1_REFERENCE_SOURCE|AXIS1 REFERENCE SOURCE (DINT)|2
L210[3]|A1_ACCEL_LIMIT_IN_UU_L210_3|AXIS1 ACCELERATION LIMIT IN UU (POS. MODE) (REAL)|1094713344
L210[11]|A1_DATA_LINK_C_L210_11|AXIS1 DATA LINK C (REAL)|0
L210[20]|A2_OUTPUT_ASSBLY_BITS|AXIS2 OUTPUT ASSBLY BITS|128
L210[20].2|A2_START_MOTION|AXIS2 START MOTION|0
L210[20].7|A2_DRIVE_ENABLE|AXIS2 DRIVE ENABLE|1
L210[22]|A2_REFERENCE_SOURCE|AXIS2 REFERENCE SOURCE (DINT)|2
L210[23]|A2_ACCEL_LIMIT_IN_UU_L210_23|AXIS2 ACCELERATION LIMIT IN UU (POS. MODE) (REAL)|1094713344
L210[31]|A2_DATA_LINK_C_L210_31|AXIS2 DATA LINK C (REAL)|0
N7[0]|HMI_SCREEN_STATUS|HMI - SCREEN STATUS|1
N7[2]|HMI_FAULT_MESSAGE|HMI - FAULT MESSAGE|0
N7[3]|HMI_STATUS_MESSAGE|HMI - STATUS MESSAGE|5
N7[4]|HMI_BLADE_COUNT|HMI - BLADE COUNT|30000
N7[5]|HMI_BRAKE_SCALE_FACTOR_PCT|HMI - BRAKE SCALE FACTOR %|40
N7[10]|SYS_PLY_COUNT|SYSTEM - PLY COUNT|0
N7[11]|MAT_W_AMOUNT_INVERSE|MATERIAL W AMOUNT INVERSE|1793
N7[12]|MAT_X_AMOUNT_INVERSE|MATERIAL X AMOUNT INVERSE|1560
N7[19]|SYS_STD_FREQ_AND_ACCEL_DECEL_COUNTS|SYSTEM - STANDARD FREQUENCY & ACCEL/DECEL COUNTS|4064
N7[20]|SYS_NUMBER_OF_PLYS|SYSTEM - NUMBER OF PLYS|0
N7[21]|SYS_PLY_NUMBER_OFFSET_FOR_PRINT|SYSTEM - PLY NUMBER OFFSET FOR PRINT|36
N7[22]|SYS_FAULT_MESSAGE|SYSTEM - FAULT MESSAGE|0
N7[23]|SYS_SIDE_W_AND_X_AXIS_TO_HOME_SPEED|SYSTEM - SIDE W & X AXIS TO HOME SPEED|4000
N7[24]|SYS_SIDE_W_AND_X_AXIS_OFF_HOME_SPEED|SYSTEM - SIDE W & X AXIS OFF HOME SPEED|200
N7[25]|SYS_SIDE_W_AXIS_GRIP_COUNTS|SYSTEM - SIDE W AXIS GRIP COUNTS|1075
N7[26]|SYS_SIDE_X_AXIS_GRIP_COUNTS|SYSTEM - SIDE X AXIS GRIP COUNTS|1075
N7[27]|SYS_SIDE_W_GRIPPER_COUNTS|SYSTEM - SIDE W GRIPPER COUNTS|1060
N7[28]|SYS_SIDE_X_GRIPPER_COUNTS|SYSTEM - SIDE X GRIPPER COUNTS|1060
N7[29]|SYS_ACCEL_DECEL_COUNTS_N7_29|SYSTEM - ACCEL/DECEL COUNTS|41
N7[30]|A1_RUN_SEQUENCE_COUNTER|AXIS1 RUN SEQUENCE COUNTER|999
N7[31]|A2_RUN_SEQUENCE_COUNTER|AXIS2 RUN SEQUENCE COUNTER|999
N7[32]|SYS_PLY_NUMBER_OFFSET_FOR_NEXT_PLY|SYSTEM - PLY NUMBER OFFSET FOR NEXT PLY|7
ST12[0]|SYS_CUR_PLY|SYSTEM - CURRENT PLY|[0, '$00$00$00$00$00$00$00$00$00$00$00$00$00$00$00$00$00$00$00$00$00$00$00$00$00$00$00$00$00$00$00$00$00$00$00$00$00$00$00$00$00$00$00$00$00$00$00$00$00$00$00$00$00$00$00$00$00$00$00$00$00$00$00$00$00$00$00$00$00$00$00$00$00$00$00$00$00$00$00$00$00$00']
ST12[1]|PLY_1_MAT|PLY 1 MATERIAL|[0, '$00$00$00$00$00$00$00$00$00$00$00$00$00$00$00$00$00$00$00$00$00$00$00$00$00$00$00$00$00$00$00$00$00$00$00$00$00$00$00$00$00$00$00$00$00$00$00$00$00$00$00$00$00$00$00$00$00$00$00$00$00$00$00$00$00$00$00$00$00$00$00$00$00$00$00$00$00$00$00$00$00$00']
ST12[2]|PLY_2_MAT|PLY 2 MATERIAL|[7, 'P11-508$00$00$00$00$00$00$00$00$00$00$00$00$00$00$00$00$00$00$00$00$00$00$00$00$00$00$00$00$00$00$00$00$00$00$00$00$00$00$00$00$00$00$00$00$00$00$00$00$00$00$00$00$00$00$00$00$00$00$00$00$00$00$00$00$00$00$00$00$00$00$00$00$00$00$00']
ST12[3]|PLY_3_MAT|PLY 3 MATERIAL|[7, 'P10-508$00$00$00$00$00$00$00$00$00$00$00$00$00$00$00$00$00$00$00$00$00$00$00$00$00$00$00$00$00$00$00$00$00$00$00$00$00$00$00$00$00$00$00$00$00$00$00$00$00$00$00$00$00$00$00$00$00$00$00$00$00$00$00$00$00$00$00$00$00$00$00$00$00$00$00']
ST12[4]|PLY_4_MAT|PLY 4 MATERIAL|[0, '$00$00$00$00$00$00$00$00$00$00$00$00$00$00$00$00$00$00$00$00$00$00$00$00$00$00$00$00$00$00$00$00$00$00$00$00$00$00$00$00$00$00$00$00$00$00$00$00$00$00$00$00$00$00$00$00$00$00$00$00$00$00$00$00$00$00$00$00$00$00$00$00$00$00$00$00$00$00$00$00$00$00']
ST12[5]|PLY_5_MAT|PLY 5 MATERIAL|[7, 'P11-508$00$00$00$00$00$00$00$00$00$00$00$00$00$00$00$00$00$00$00$00$00$00$00$00$00$00$00$00$00$00$00$00$00$00$00$00$00$00$00$00$00$00$00$00$00$00$00$00$00$00$00$00$00$00$00$00$00$00$00$00$00$00$00$00$00$00$00$00$00$00$00$00$00$00$00']
ST12[6]|PLY_6_MAT|PLY 6 MATERIAL|[7, 'P10-508$00$00$00$00$00$00$00$00$00$00$00$00$00$00$00$00$00$00$00$00$00$00$00$00$00$00$00$00$00$00$00$00$00$00$00$00$00$00$00$00$00$00$00$00$00$00$00$00$00$00$00$00$00$00$00$00$00$00$00$00$00$00$00$00$00$00$00$00$00$00$00$00$00$00$00']
ST12[7]|PLY_7_MAT|PLY 7 MATERIAL|[0, '$00$00$00$00$00$00$00$00$00$00$00$00$00$00$00$00$00$00$00$00$00$00$00$00$00$00$00$00$00$00$00$00$00$00$00$00$00$00$00$00$00$00$00$00$00$00$00$00$00$00$00$00$00$00$00$00$00$00$00$00$00$00$00$00$00$00$00$00$00$00$00$00$00$00$00$00$00$00$00$00$00$00']
ST12[8]|PLY_8_MAT|PLY 8 MATERIAL|[7, 'P11-508$00$00$00$00$00$00$00$00$00$00$00$00$00$00$00$00$00$00$00$00$00$00$00$00$00$00$00$00$00$00$00$00$00$00$00$00$00$00$00$00$00$00$00$00$00$00$00$00$00$00$00$00$00$00$00$00$00$00$00$00$00$00$00$00$00$00$00$00$00$00$00$00$00$00$00']
ST12[9]|PLY_9_MAT|PLY 9 MATERIAL|[7, 'P10-508$00$00$00$00$00$00$00$00$00$00$00$00$00$00$00$00$00$00$00$00$00$00$00$00$00$00$00$00$00$00$00$00$00$00$00$00$00$00$00$00$00$00$00$00$00$00$00$00$00$00$00$00$00$00$00$00$00$00$00$00$00$00$00$00$00$00$00$00$00$00$00$00$00$00$00']
ST12[10]|PLY_10_MAT|PLY 10 MATERIAL|[0, '$00$00$00$00$00$00$00$00$00$00$00$00$00$00$00$00$00$00$00$00$00$00$00$00$00$00$00$00$00$00$00$00$00$00$00$00$00$00$00$00$00$00$00$00$00$00$00$00$00$00$00$00$00$00$00$00$00$00$00$00$00$00$00$00$00$00$00$00$00$00$00$00$00$00$00$00$00$00$00$00$00$00']
ST12[11]|PLY_11_MAT|PLY 11 MATERIAL|[7, 'P11-508$00$00$00$00$00$00$00$00$00$00$00$00$00$00$00$00$00$00$00$00$00$00$00$00$00$00$00$00$00$00$00$00$00$00$00$00$00$00$00$00$00$00$00$00$00$00$00$00$00$00$00$00$00$00$00$00$00$00$00$00$00$00$00$00$00$00$00$00$00$00$00$00$00$00$00']
ST12[12]|PLY_12_MAT|PLY 12 MATERIAL|[7, 'P10-508$00$00$00$00$00$00$00$00$00$00$00$00$00$00$00$00$00$00$00$00$00$00$00$00$00$00$00$00$00$00$00$00$00$00$00$00$00$00$00$00$00$00$00$00$00$00$00$00$00$00$00$00$00$00$00$00$00$00$00$00$00$00$00$00$00$00$00$00$00$00$00$00$00$00$00']
ST12[13]|PLY_13_MAT|PLY 13 MATERIAL|[0, '$00$00$00$00$00$00$00$00$00$00$00$00$00$00$00$00$00$00$00$00$00$00$00$00$00$00$00$00$00$00$00$00$00$00$00$00$00$00$00$00$00$00$00$00$00$00$00$00$00$00$00$00$00$00$00$00$00$00$00$00$00$00$00$00$00$00$00$00$00$00$00$00$00$00$00$00$00$00$00$00$00$00']
ST12[14]|PLY_14_MAT|PLY 14 MATERIAL|[7, 'P11-508$00$00$00$00$00$00$00$00$00$00$00$00$00$00$00$00$00$00$00$00$00$00$00$00$00$00$00$00$00$00$00$00$00$00$00$00$00$00$00$00$00$00$00$00$00$00$00$00$00$00$00$00$00$00$00$00$00$00$00$00$00$00$00$00$00$00$00$00$00$00$00$00$00$00$00']
ST12[15]|PLY_15_MAT|PLY 15 MATERIAL|[7, 'P10-508$00$00$00$00$00$00$00$00$00$00$00$00$00$00$00$00$00$00$00$00$00$00$00$00$00$00$00$00$00$00$00$00$00$00$00$00$00$00$00$00$00$00$00$00$00$00$00$00$00$00$00$00$00$00$00$00$00$00$00$00$00$00$00$00$00$00$00$00$00$00$00$00$00$00$00']
ST12[16]|PLY_16_MAT|PLY 16 MATERIAL|[0, '$00$00$00$00$00$00$00$00$00$00$00$00$00$00$00$00$00$00$00$00$00$00$00$00$00$00$00$00$00$00$00$00$00$00$00$00$00$00$00$00$00$00$00$00$00$00$00$00$00$00$00$00$00$00$00$00$00$00$00$00$00$00$00$00$00$00$00$00$00$00$00$00$00$00$00$00$00$00$00$00$00$00']
ST12[17]|PLY_17_MAT|PLY 17 MATERIAL|[7, 'P11-508$00$00$00$00$00$00$00$00$00$00$00$00$00$00$00$00$00$00$00$00$00$00$00$00$00$00$00$00$00$00$00$00$00$00$00$00$00$00$00$00$00$00$00$00$00$00$00$00$00$00$00$00$00$00$00$00$00$00$00$00$00$00$00$00$00$00$00$00$00$00$00$00$00$00$00']
ST12[18]|PLY_18_MAT|PLY 18 MATERIAL|[7, 'P10-508$00$00$00$00$00$00$00$00$00$00$00$00$00$00$00$00$00$00$00$00$00$00$00$00$00$00$00$00$00$00$00$00$00$00$00$00$00$00$00$00$00$00$00$00$00$00$00$00$00$00$00$00$00$00$00$00$00$00$00$00$00$00$00$00$00$00$00$00$00$00$00$00$00$00$00']
ST12[19]|PLY_19_MAT|PLY 19 MATERIAL|[0, '$00$00$00$00$00$00$00$00$00$00$00$00$00$00$00$00$00$00$00$00$00$00$00$00$00$00$00$00$00$00$00$00$00$00$00$00$00$00$00$00$00$00$00$00$00$00$00$00$00$00$00$00$00$00$00$00$00$00$00$00$00$00$00$00$00$00$00$00$00$00$00$00$00$00$00$00$00$00$00$00$00$00']
ST12[20]|PLY_20_MAT|PLY 20 MATERIAL|[7, 'P11-508$00$00$00$00$00$00$00$00$00$00$00$00$00$00$00$00$00$00$00$00$00$00$00$00$00$00$00$00$00$00$00$00$00$00$00$00$00$00$00$00$00$00$00$00$00$00$00$00$00$00$00$00$00$00$00$00$00$00$00$00$00$00$00$00$00$00$00$00$00$00$00$00$00$00$00']
ST12[23]|SYS_NEXT_PLY|SYSTEM - NEXT PLY|[2, 'PW$00$00$00$00$00$00$00$00$00$00$00$00$00$00$00$00$00$00$00$00$00$00$00$00$00$00$00$00$00$00$00$00$00$00$00$00$00$00$00$00$00$00$00$00$00$00$00$00$00$00$00$00$00$00$00$00$00$00$00$00$00$00$00$00$00$00$00$00$00$00$00$00$00$00$00$00$00$00$00$00']
ST12[24]|SYS_PRINT_TEXT|SYSTEM - PRINT TEXT|[0, '$00$00$00$00$00$00$00$00$00$00$00$00$00$00$00$00$00$00$00$00$00$00$00$00$00$00$00$00$00$00$00$00$00$00$00$00$00$00$00$00$00$00$00$00$00$00$00$00$00$00$00$00$00$00$00$00$00$00$00$00$00$00$00$00$00$00$00$00$00$00$00$00$00$00$00$00$00$00$00$00$00$00']
ST12[25]|PART_NUMBER|PART NUMBER|[12, '483Z2115-508$00$00$00$00$00$00$00$00$00$00$00$00$00$00$00$00$00$00$00$00$00$00$00$00$00$00$00$00$00$00$00$00$00$00$00$00$00$00$00$00$00$00$00$00$00$00$00$00$00$00$00$00$00$00$00$00$00$00$00$00$00$00$00$00$00$00$00$00$00$00']
ST12[26]|SPACE|SPACE|[1, '$00$00$00$00$00$00$00$00$00$00$00$00$00$00$00$00$00$00$00$00$00$00$00$00$00$00$00$00$00$00$00$00$00$00$00$00$00$00$00$00$00$00$00$00$00$00$00$00$00$00$00$00$00$00$00$00$00$00$00$00$00$00$00$00$00$00$00$00$00$00$00$00$00$00$00$00$00$00$00$00$00']
ST12[27]|PART_NUMBER_W_SPACE|PART NUMBER W/SPACE|[13, '483Z2115-508$00$00$00$00$00$00$00$00$00$00$00$00$00$00$00$00$00$00$00$00$00$00$00$00$00$00$00$00$00$00$00$00$00$00$00$00$00$00$00$00$00$00$00$00$00$00$00$00$00$00$00$00$00$00$00$00$00$00$00$00$00$00$00$00$00$00$00$00$00']
ST12[28]|SYS_SETUP_PW|SYSTEM - SETUP PW|[5, 'maint$00$00$00$00$00$00$00$00$00$00$00$00$00$00$00$00$00$00$00$00$00$00$00$00$00$00$00$00$00$00$00$00$00$00$00$00$00$00$00$00$00$00$00$00$00$00$00$00$00$00$00$00$00$00$00$00$00$00$00$00$00$00$00$00$00$00$00$00$00$00$00$00$00$00$00$00$00']
ST12[29]|SYS_MAN_PW|SYSTEM - MANUAL PW|[5, 'maint$00$00$00$00$00$00$00$00$00$00$00$00$00$00$00$00$00$00$00$00$00$00$00$00$00$00$00$00$00$00$00$00$00$00$00$00$00$00$00$00$00$00$00$00$00$00$00$00$00$00$00$00$00$00$00$00$00$00$00$00$00$00$00$00$00$00$00$00$00$00$00$00$00$00$00$00$00']
ST12[30]|SYS_EMPTY_STRING|SYSTEM - EMPTY STRING|[0, '$00$00$00$00$00$00$00$00$00$00$00$00$00$00$00$00$00$00$00$00$00$00$00$00$00$00$00$00$00$00$00$00$00$00$00$00$00$00$00$00$00$00$00$00$00$00$00$00$00$00$00$00$00$00$00$00$00$00$00$00$00$00$00$00$00$00$00$00$00$00$00$00$00$00$00$00$00$00$00$00$00$00']
ST12[31]|PLY_1_ID|PLY 1 ID|[0, '$00$00$00$00$00$00$00$00$00$00$00$00$00$00$00$00$00$00$00$00$00$00$00$00$00$00$00$00$00$00$00$00$00$00$00$00$00$00$00$00$00$00$00$00$00$00$00$00$00$00$00$00$00$00$00$00$00$00$00$00$00$00$00$00$00$00$00$00$00$00$00$00$00$00$00$00$00$00$00$00$00$00']
ST12[32]|PLY_2_ID|PLY 2 ID|[0, '$00$00$00$00$00$00$00$00$00$00$00$00$00$00$00$00$00$00$00$00$00$00$00$00$00$00$00$00$00$00$00$00$00$00$00$00$00$00$00$00$00$00$00$00$00$00$00$00$00$00$00$00$00$00$00$00$00$00$00$00$00$00$00$00$00$00$00$00$00$00$00$00$00$00$00$00$00$00$00$00$00$00']
ST12[33]|PLY_3_ID|PLY 3 ID|[0, '$00$00$00$00$00$00$00$00$00$00$00$00$00$00$00$00$00$00$00$00$00$00$00$00$00$00$00$00$00$00$00$00$00$00$00$00$00$00$00$00$00$00$00$00$00$00$00$00$00$00$00$00$00$00$00$00$00$00$00$00$00$00$00$00$00$00$00$00$00$00$00$00$00$00$00$00$00$00$00$00$00$00']
ST12[34]|PLY_4_ID|PLY 4 ID|[0, '$00$00$00$00$00$00$00$00$00$00$00$00$00$00$00$00$00$00$00$00$00$00$00$00$00$00$00$00$00$00$00$00$00$00$00$00$00$00$00$00$00$00$00$00$00$00$00$00$00$00$00$00$00$00$00$00$00$00$00$00$00$00$00$00$00$00$00$00$00$00$00$00$00$00$00$00$00$00$00$00$00$00']
ST12[35]|PLY_5_ID|PLY 5 ID|[0, '$00$00$00$00$00$00$00$00$00$00$00$00$00$00$00$00$00$00$00$00$00$00$00$00$00$00$00$00$00$00$00$00$00$00$00$00$00$00$00$00$00$00$00$00$00$00$00$00$00$00$00$00$00$00$00$00$00$00$00$00$00$00$00$00$00$00$00$00$00$00$00$00$00$00$00$00$00$00$00$00$00$00']
ST12[36]|PLY_6_ID|PLY 6 ID|[0, '$00$00$00$00$00$00$00$00$00$00$00$00$00$00$00$00$00$00$00$00$00$00$00$00$00$00$00$00$00$00$00$00$00$00$00$00$00$00$00$00$00$00$00$00$00$00$00$00$00$00$00$00$00$00$00$00$00$00$00$00$00$00$00$00$00$00$00$00$00$00$00$00$00$00$00$00$00$00$00$00$00$00']
ST12[37]|PLY_7_ID|PLY 7 ID|[0, '$00$00$00$00$00$00$00$00$00$00$00$00$00$00$00$00$00$00$00$00$00$00$00$00$00$00$00$00$00$00$00$00$00$00$00$00$00$00$00$00$00$00$00$00$00$00$00$00$00$00$00$00$00$00$00$00$00$00$00$00$00$00$00$00$00$00$00$00$00$00$00$00$00$00$00$00$00$00$00$00$00$00']
ST12[38]|PLY_8_ID|PLY 8 ID|[0, '$00$00$00$00$00$00$00$00$00$00$00$00$00$00$00$00$00$00$00$00$00$00$00$00$00$00$00$00$00$00$00$00$00$00$00$00$00$00$00$00$00$00$00$00$00$00$00$00$00$00$00$00$00$00$00$00$00$00$00$00$00$00$00$00$00$00$00$00$00$00$00$00$00$00$00$00$00$00$00$00$00$00']
ST12[39]|PLY_9_ID|PLY 9 ID|[0, '$00$00$00$00$00$00$00$00$00$00$00$00$00$00$00$00$00$00$00$00$00$00$00$00$00$00$00$00$00$00$00$00$00$00$00$00$00$00$00$00$00$00$00$00$00$00$00$00$00$00$00$00$00$00$00$00$00$00$00$00$00$00$00$00$00$00$00$00$00$00$00$00$00$00$00$00$00$00$00$00$00$00']
ST12[40]|PLY_10_ID|PLY 10 ID|[0, '$00$00$00$00$00$00$00$00$00$00$00$00$00$00$00$00$00$00$00$00$00$00$00$00$00$00$00$00$00$00$00$00$00$00$00$00$00$00$00$00$00$00$00$00$00$00$00$00$00$00$00$00$00$00$00$00$00$00$00$00$00$00$00$00$00$00$00$00$00$00$00$00$00$00$00$00$00$00$00$00$00$00']
ST12[41]|PLY_11_ID|PLY 11 ID|[0, '$00$00$00$00$00$00$00$00$00$00$00$00$00$00$00$00$00$00$00$00$00$00$00$00$00$00$00$00$00$00$00$00$00$00$00$00$00$00$00$00$00$00$00$00$00$00$00$00$00$00$00$00$00$00$00$00$00$00$00$00$00$00$00$00$00$00$00$00$00$00$00$00$00$00$00$00$00$00$00$00$00$00']
ST12[42]|PLY_12_ID|PLY 12 ID|[0, '$00$00$00$00$00$00$00$00$00$00$00$00$00$00$00$00$00$00$00$00$00$00$00$00$00$00$00$00$00$00$00$00$00$00$00$00$00$00$00$00$00$00$00$00$00$00$00$00$00$00$00$00$00$00$00$00$00$00$00$00$00$00$00$00$00$00$00$00$00$00$00$00$00$00$00$00$00$00$00$00$00$00']
ST12[43]|PLY_13_ID|PLY 13 ID|[0, '$00$00$00$00$00$00$00$00$00$00$00$00$00$00$00$00$00$00$00$00$00$00$00$00$00$00$00$00$00$00$00$00$00$00$00$00$00$00$00$00$00$00$00$00$00$00$00$00$00$00$00$00$00$00$00$00$00$00$00$00$00$00$00$00$00$00$00$00$00$00$00$00$00$00$00$00$00$00$00$00$00$00']
ST12[44]|PLY_14_ID|PLY 14 ID|[0, '$00$00$00$00$00$00$00$00$00$00$00$00$00$00$00$00$00$00$00$00$00$00$00$00$00$00$00$00$00$00$00$00$00$00$00$00$00$00$00$00$00$00$00$00$00$00$00$00$00$00$00$00$00$00$00$00$00$00$00$00$00$00$00$00$00$00$00$00$00$00$00$00$00$00$00$00$00$00$00$00$00$00']
ST12[45]|PLY_15_ID|PLY 15 ID|[0, '$00$00$00$00$00$00$00$00$00$00$00$00$00$00$00$00$00$00$00$00$00$00$00$00$00$00$00$00$00$00$00$00$00$00$00$00$00$00$00$00$00$00$00$00$00$00$00$00$00$00$00$00$00$00$00$00$00$00$00$00$00$00$00$00$00$00$00$00$00$00$00$00$00$00$00$00$00$00$00$00$00$00']
ST12[46]|PLY_16_ID|PLY 16 ID|[0, '$00$00$00$00$00$00$00$00$00$00$00$00$00$00$00$00$00$00$00$00$00$00$00$00$00$00$00$00$00$00$00$00$00$00$00$00$00$00$00$00$00$00$00$00$00$00$00$00$00$00$00$00$00$00$00$00$00$00$00$00$00$00$00$00$00$00$00$00$00$00$00$00$00$00$00$00$00$00$00$00$00$00']
ST12[47]|PLY_17_ID|PLY 17 ID|[0, '$00$00$00$00$00$00$00$00$00$00$00$00$00$00$00$00$00$00$00$00$00$00$00$00$00$00$00$00$00$00$00$00$00$00$00$00$00$00$00$00$00$00$00$00$00$00$00$00$00$00$00$00$00$00$00$00$00$00$00$00$00$00$00$00$00$00$00$00$00$00$00$00$00$00$00$00$00$00$00$00$00$00']
ST12[48]|PLY_18_ID|PLY 18 ID|[0, '$00$00$00$00$00$00$00$00$00$00$00$00$00$00$00$00$00$00$00$00$00$00$00$00$00$00$00$00$00$00$00$00$00$00$00$00$00$00$00$00$00$00$00$00$00$00$00$00$00$00$00$00$00$00$00$00$00$00$00$00$00$00$00$00$00$00$00$00$00$00$00$00$00$00$00$00$00$00$00$00$00$00']
ST12[49]|PLY_19_ID|PLY 19 ID|[0, '$00$00$00$00$00$00$00$00$00$00$00$00$00$00$00$00$00$00$00$00$00$00$00$00$00$00$00$00$00$00$00$00$00$00$00$00$00$00$00$00$00$00$00$00$00$00$00$00$00$00$00$00$00$00$00$00$00$00$00$00$00$00$00$00$00$00$00$00$00$00$00$00$00$00$00$00$00$00$00$00$00$00']
ST12[50]|PLY_20_ID|PLY 20 ID|[0, '$00$00$00$00$00$00$00$00$00$00$00$00$00$00$00$00$00$00$00$00$00$00$00$00$00$00$00$00$00$00$00$00$00$00$00$00$00$00$00$00$00$00$00$00$00$00$00$00$00$00$00$00$00$00$00$00$00$00$00$00$00$00$00$00$00$00$00$00$00$00$00$00$00$00$00$00$00$00$00$00$00$00']
ST12[51]|HMI_MAN_PW|HMI - MANUAL PW|[0, '$00$00$00$00$00$00$00$00$00$00$00$00$00$00$00$00$00$00$00$00$00$00$00$00$00$00$00$00$00$00$00$00$00$00$00$00$00$00$00$00$00$00$00$00$00$00$00$00$00$00$00$00$00$00$00$00$00$00$00$00$00$00$00$00$00$00$00$00$00$00$00$00$00$00$00$00$00$00$00$00$00$00']
ST12[51].LEN|HMI_SETUP_PW_ST12_51_LEN|HMI - SETUP PW|
ST12[52]|HMI_SETUP_PW_ST12_52|HMI - SETUP PW)|[0, '$00$00$00$00$00$00$00$00$00$00$00$00$00$00$00$00$00$00$00$00$00$00$00$00$00$00$00$00$00$00$00$00$00$00$00$00$00$00$00$00$00$00$00$00$00$00$00$00$00$00$00$00$00$00$00$00$00$00$00$00$00$00$00$00$00$00$00$00$00$00$00$00$00$00$00$00$00$00$00$00$00$00']
T14[0]|UPDATE_CUR_PLY_COUNT_TD|AUTO - UPDATE CURRENT PLY COUNT TD|[0, 100, 0]
T14[1]|UPDATE_CUR_PLY_TYPE_AND_LENGTH_TD|AUTO - UPDATE CURRENT PLY TYPE & LENGTH TD|[0, 100, 0]
T14[2]|MOVE_GRIPPER_LENGTH_TD|AUTO - MOVE GRIPPER LENGTH TD|[0, 10, 0]
T14[3]|MOV_CUR_SIDE_AXIS_TO_PICK_AND_MAT_CLR_TD|AUTO - MOVE CURRENT SIDE AXIS TO PICK & MATERIAL CLEAR TD|[0, 100, 0]
T14[4]|MOVE_CUR_MAT_TO_GRIP_TD|AUTO - MOVE CURRENT MATERIAL TO GRIP TD|[0, 500, 0]
T14[5]|MOVE_CUR_MAT_TO_CUT_TD|AUTO - MOVE CURRENT MATERIAL TO CUT TD|[0, 500, 0]
T14[6]|AUTO_TURN_ON_SHEAR_TD|AUTO - TURN ON SHEAR TD|[0, 100, 0]
T14[7]|AUTO_TURN_OFF_SHEAR_TD|AUTO - TURN OFF SHEAR TD|[0, 500, 0]
T14[8]|MOVE_CUR_SIDE_TO_PLACE_AND_MAT_CLR_TD|AUTO - MOVE CURRENT SIDE TO PLACE & MATERIAL CLEAR TD|[0, 500, 0]
T14[9]|AUTO_CLOSE_CUR_SIDE_GRIPPER_TD|AUTO - CLOSE CURRENT SIDE GRIPPER TD|[0, 1500, 0]
T14[10]|MOVE_CUR_MAT_AND_SIDE_BACK_TD|AUTO - MOVE CURRENT MATERIAL & SIDE BACK TD|[0, 250, 0]
T14[11]|AUTO_CHECK_IF_DONE_TD|AUTO - CHECK IF DONE TD|[0, 100, 0]
T14[12]|MOVE_PRINT_AND_TABLE_TO_CUR_SIDE_TD|AUTO - MOVE PRINT & TABLE TO CURRENT SIDE TD|[0, 100, 0]
T14[15]|MOVE_CUR_SIDE_AXIS_TO_CUT_TD|AUTO - MOVE CURRENT SIDE AXIS TO CUT TD|[0, 100, 0]
T14[18]|STN_SERVO_DRIVE_RESET_TO|STATION - SERVO DRIVE RESET TO|[33554432, 2000, 0]
T14[19]|AUTO_CYCLE_COMPLETE_TD|AUTO - CYCLE COMPLETE TD|[0, 100, 0]
T14[20]|STN_MAT_W_MOTION_TO|STATION - MATERIAL W MOTION TO|[33554432, 30000, 0]
T14[21]|STN_MAT_X_MOTION_TO|STATION - MATERIAL X MOTION TO|[33554432, 60000, 0]
T14[22]|STN_SIDE_W_AXIS_MOTION_TO|STATION - SIDE W AXIS MOTION TO|[33554432, 20000, 0]
T14[23]|STN_SIDE_X_AXIS_MOTION_TO|STATION - SIDE X AXIS MOTION TO|[33554432, 20000, 0]
T14[24]|STN_PRINT_AXIS_MOTION_TO|STATION - PRINT AXIS MOTION TO|[33554432, 30000, 0]
T14[25]|STN_PRINT_SIDE_NOT_AT_W_TO|STATION - PRINT SIDE NOT @ W TO|[33554432, 5000, 0]
T14[26]|STN_PRINT_SIDE_NOT_AT_X_TO|STATION - PRINT SIDE NOT @ X TO|[33554432, 5000, 0]
T14[27]|STN_TABLE_SIDE_NOT_AT_W_TO|STATION - TABLE SIDE NOT @ W TO|[33554432, 15000, 0]
T14[28]|STN_TABLE_SIDE_NOT_AT_X_TO|STATION - TABLE SIDE NOT @ X TO|[33554432, 15000, 0]
T14[29]|STN_GRIPPER_W_NOT_OPENED_AT_PICK_TO|STATION - GRIPPER W NOT OPENED @ PICK TO|[33554432, 3000, 0]
T14[30]|STN_GRIPPER_W_NOT_OPENED_AT_PLACE_TO|STATION - GRIPPER W NOT OPENED @ PLACE TO|[33554432, 3000, 0]
T14[31]|STN_GRIPPER_X_NOT_OPENED_AT_PICK_TO|STATION - GRIPPER X NOT OPENED @ PICK TO|[33554432, 3000, 0]
T14[32]|STN_GRIPPER_X_NOT_OPENED_AT_PLACE_TO|STATION - GRIPPER X NOT OPENED @ PLACE TO)|[33554432, 3000, 0]
T206[0]|A1_READ_INPUT_ASSEMBLY_DELAY|AXIS1 READ INPUT ASSEMBLY DELAY|[0, 50, 0]
T206[2]|A1_READ_OUTPUT_ASSEMBLY_DELAY|AXIS1 READ OUTPUT ASSEMBLY DELAY|[0, 50, 0]
T206[10]|A2_READ_INPUT_ASSEMBLY_DELAY|AXIS2 READ INPUT ASSEMBLY DELAY|[-1610612736, 50, 50]
T206[12]|A2_READ_OUTPUT_ASSEMBLY_DELAY|AXIS2 READ OUTPUT ASSEMBLY DELAY)|[0, 50, 0]
T4[0]|SYS_ENABLE_MAT_DRIVES_HW_TD|SYSTEM - ENABLE MATERIAL DRIVES HW TD|[-1577058304, 3000, 3000]
T4[1]|SYS_CYCLE_START_TD|SYSTEM - CYCLE START TD|[0, 100, 0]
T4[2]|SYS_UNLATCH_HMI_NO_BTTN|SYSTEM - UNLATCH HMI NO BTTN|[33554432, 2000, 0]
T4[3]|SYS_UNLATCH_HMI_ABORT_BTTN|SYSTEM - UNLATCH HMI ABORT BTTN|[33554432, 2000, 0]
T4[4]|SYS_1_SEC_TIMER|SYSTEM - 1 SEC TIMER|[16777216, 997, 0]
T4[6]|SYS_RESET_DATA_TIME_DELAY|SYSTEM - RESET DATA TIME DELAY|[33554432, 1000, 0]
T4[7]|SYS_ENABLE_MAT_W_DRIVE_SW_TD|SYSTEM - ENABLE MATERIAL W DRIVE SW TD|[-1577058304, 2000, 2000]
T4[8]|SYS_ENABLE_MAT_X_DRIVE_SW_TD|SYSTEM - ENABLE MATERIAL X DRIVE SW TD|[-1577058304, 2000, 2000]
T4[9]|SYS_HALF_SEC_TIMER|SYSTEM - 1/2 SEC TIMER|[-1073741824, 500, 130]
T4[10]|SYS_MAT_W_DRIVE_NOT_ENABLED_TO|SYSTEM - MATERIAL W DRIVE NOT ENABLED TO|[33554432, 2000, 0]
T4[11]|SYS_MAT_X_DRIVE_NOT_ENABLED_TO|SYSTEM - MATERIAL X DRIVE NOT ENABLED TO|[33554432, 2000, 0]
T4[12]|SYS_PRINT_AXIS_DRIVE_ALARM_TO|SYSTEM - PRINT AXIS DRIVE ALARM TO|[33554432, 2000, 0]
T4[13]|SYS_SIDE_W_AXIS_DRIVE_ALARM_TO|SYSTEM - SIDE W AXIS DRIVE ALARM TO|[33554432, 2000, 0]
T4[14]|SYS_SIDE_X_AXIS_DRIVE_ALARM_TO|SYSTEM - SIDE X AXIS DRIVE ALARM TO|[33554432, 2000, 0]
T4[20]|INIT_BEGIN_CYCLE_TIME_DELAY|INITIALIZE - BEGIN CYCLE TIME DELAY|[0, 100, 0]
T4[21]|INIT_MOVE_PRINT_AND_TABLE_TO_W_TD|INITIALIZE - MOVE PRINT & TABLE TO W TD|[0, 100, 0]
T4[22]|INIT_HOME_PRINT_AXIS_TD|INITIALIZE - HOME PRINT AXIS TD|[0, 100, 0]
T4[23]|INIT_JOG_SIDE_W_AXIS_OFF_HOME_TD|INITIALIZE - JOG SIDE W AXIS OFF HOME TD|[0, 250, 0]
T4[24]|INIT_JOG_SIDE_X_AXIS_OFF_HOME_TD|INITIALIZE - JOG SIDE X AXIS OFF HOME TD|[0, 250, 0]
T4[25]|SYS_UNLATCH_HMI_YES_BUTTON|SYSTEM UNLATCH HMI YES BUTTON|[33554432, 2000, 0]
T4[26]|SYS_UNLATCH_HMI_RESTART_BTTN_T4_26|SYSTEM UNLATCH HMI RESTART BTTN|[33554432, 2000, 0]
T4[26].EN|SYS_UNLATCH_HMI_RESTART_BTTN_T4_26_EN|SYSTEM UNLATCH HMI RESTART BTTN|
T4[29]|INIT_CYCLE_COMPLETE_TD|INITIALIZE - CYCLE COMPLETE TD|[0, 100, 0]
T4[30]|INIT_TURN_ON_SHEAR_TD|INITIALIZE - TURN ON SHEAR TD|[0, 100, 0]
T4[31]|INIT_TURN_OFF_SHEAR_TD|INITIALIZE - TURN OFF SHEAR TD|[0, 500, 0]
T4[32]|INIT_JOG_CUR_SIDE_TO_PLACE_TD|INITIALIZE - JOG CURRENT SIDE TO PLACE TD|[0, 500, 0]
T4[33]|INIT_JOG_CUR_SIDE_OFF_PLACE_TD|INITIALIZE - JOG CURRENT SIDE OFF PLACE TD|[0, 250, 0]
T4[34]|INIT_MOVE_CUR_SIDE_TO_GRIPPER_TD|INITIALIZE - MOVE CURRENT SIDE TO GRIPPER TD|[0, 250, 0]
T4[35]|INIT_CLOSE_CUR_SIDE_GRIPPER_TD|INITIALIZE - CLOSE CURRENT SIDE GRIPPER TD|[0, 1500, 0]
T4[36]|INIT_MOVE_MAT_CLR_TD|INITIALIZE - MOVE MATERIAL CLEAR TD|[0, 50, 0]
T4[37]|INIT_MOVE_MAT_BACK_TD|INITIALIZE - MOVE MATERIAL BACK TD|[0, 50, 0]
T4[40]|SYS_TURN_OFF_SHEAR_TD|SYSTEM - TURN OFF SHEAR TD|[0, 500, 0]
T4[41]|SYS_MOVE_MAT_CLR_TD|SYSTEM - MOVE MATERIAL CLEAR TD|[0, 50, 0]
T4[42]|SYS_MOVE_MAT_BACK_TD|SYSTEM - MOVE MATERIAL BACK TD|[0, 50, 0]
T4[47]|MAN_TURN_OFF_SHEAR_TD|MANUAL - TURN OFF SHEAR TD|[0, 500, 0]
T4[48]|MAN_MOVE_MAT_CLR_TD|MANUAL - MOVE MATERIAL CLEAR TD|[0, 50, 0]
T4[49]|MAN_MOVE_MAT_BACK_TD|MANUAL - MOVE MATERIAL BACK TD|[0, 25, 0]
T4[50]|MAN_SIDE_W_AXIS_TO_PICK_ON_TGGL_TD|MANUAL - SIDE W AXIS TO PICK ON TGGL TD|[0, 100, 0]
T4[51]|MAN_SIDE_W_AXIS_TO_CUT_ON_TGGL_TD|MANUAL - SIDE W AXIS TO CUT ON TGGL TD|[0, 100, 0]
T4[52]|MAN_SIDE_W_AXIS_TO_PLACE_ON_TGGL_TD|MANUAL - SIDE W AXIS TO PLACE ON TGGL TD|[0, 100, 0]
T4[53]|MAN_SIDE_W_AXIS_RETRACT_ON_TGGL_TD|MANUAL - SIDE W AXIS RETRACT ON TGGL TD|[0, 100, 0]
T4[54]|MAN_SIDE_X_AXIS_TO_PICK_ON_TGGL_TD|MANUAL - SIDE X AXIS TO PICK ON TGGL TD|[0, 100, 0]
T4[55]|MAN_SIDE_X_AXIS_TO_CUT_ON_TGGL_TD|MANUAL - SIDE X AXIS TO CUT ON TGGL TD|[0, 100, 0]
T4[56]|MAN_SIDE_X_AXIS_TO_PLACE_ON_TGGL_TD|MANUAL - SIDE X AXIS TO PLACE ON TGGL TD|[0, 100, 0]
T4[57]|MAN_SIDE_X_AXIS_RETRACT_ON_TGGL_TD|MANUAL - SIDE X AXIS RETRACT ON TGGL TD|[0, 100, 0]
T4[58]|MAN_JOG_SIDE_W_AXIS_OFF_HOME_TD|MANUAL - JOG SIDE W AXIS OFF HOME TD|[0, 250, 0]
T4[59]|MAN_JOG_SIDE_X_AXIS_OFF_HOME_TD|MANUAL - JOG SIDE X AXIS OFF HOME TD)|[0, 250, 0]
